2015-04-27|benchmark|142|ADS.DE|Regular
2015-04-22|benchmark|142|ADS.DE|Regular
2015-03-22|benchmark|142|ADS.DE|Regular
2015-04-27|benchmark|70|ALV.DE|Regular
2015-04-22|benchmark|70|ALV.DE|Regular
2015-03-22|benchmark|70|ALV.DE|Regular
2015-04-27|benchmark|120|BAS.DE|Regular
2015-04-22|benchmark|120|BAS.DE|Regular
2015-03-22|benchmark|120|BAS.DE|Regular
2015-04-27|benchmark|78|BAYN.DE|Regular
2015-04-22|benchmark|78|BAYN.DE|Regular
2015-03-22|benchmark|78|BAYN.DE|Regular
2015-04-27|benchmark|125|BEI.DE|Regular
2015-04-22|benchmark|125|BEI.DE|Regular
2015-03-22|benchmark|125|BEI.DE|Regular
2015-04-27|benchmark|101|BMW.DE|Regular
2015-04-22|benchmark|101|BMW.DE|Regular
2015-03-22|benchmark|101|BMW.DE|Regular
2015-04-27|benchmark|833|CBK.DE|Regular
2015-04-22|benchmark|833|CBK.DE|Regular
2015-03-22|benchmark|833|CBK.DE|Regular
2015-04-27|benchmark|48|CON.DE|Regular
2015-04-22|benchmark|48|CON.DE|Regular
2015-03-22|benchmark|48|CON.DE|Regular
2015-04-27|benchmark|123|DAI.DE|Regular
2015-04-22|benchmark|123|DAI.DE|Regular
2015-03-22|benchmark|123|DAI.DE|Regular
2015-04-27|benchmark|135|DB1.DE|Regular
2015-04-22|benchmark|135|DB1.DE|Regular
2015-03-22|benchmark|135|DB1.DE|Regular
2015-04-27|benchmark|370|DBK.DE|Regular
2015-04-22|benchmark|370|DBK.DE|Regular
2015-03-22|benchmark|370|DBK.DE|Regular
2015-04-27|benchmark|384|DPW.DE|Regular
2015-04-22|benchmark|384|DPW.DE|Regular
2015-03-22|benchmark|384|DPW.DE|Regular
2015-04-27|benchmark|666|DTE.DE|Regular
2015-04-22|benchmark|666|DTE.DE|Regular
2015-03-22|benchmark|666|DTE.DE|Regular
2015-04-27|benchmark|769|EOAN.DE|Regular
2015-04-22|benchmark|769|EOAN.DE|Regular
2015-03-22|benchmark|769|EOAN.DE|Regular
2015-04-27|benchmark|129|FME.DE|Regular
2015-04-22|benchmark|129|FME.DE|Regular
2015-03-22|benchmark|129|FME.DE|Regular
2015-04-27|benchmark|178|FRE.DE|Regular
2015-04-22|benchmark|178|FRE.DE|Regular
2015-03-22|benchmark|178|FRE.DE|Regular
2015-04-27|benchmark|138|HEI.DE|Regular
2015-04-22|benchmark|138|HEI.DE|Regular
2015-03-22|benchmark|138|HEI.DE|Regular
2015-04-27|benchmark|93|HEN3.DE|Regular
2015-04-22|benchmark|93|HEN3.DE|Regular
2015-03-22|benchmark|93|HEN3.DE|Regular
2015-04-27|benchmark|909|IFX.DE|Regular
2015-04-22|benchmark|909|IFX.DE|Regular
2015-03-22|benchmark|909|IFX.DE|Regular
2015-04-27|benchmark|833|LHA.DE|Regular
2015-04-22|benchmark|833|LHA.DE|Regular
2015-03-22|benchmark|833|LHA.DE|Regular
2015-04-27|benchmark|59|LIN.DE|Regular
2015-04-22|benchmark|59|LIN.DE|Regular
2015-03-22|benchmark|59|LIN.DE|Regular
2015-04-27|benchmark|204|LXS.DE|Regular
2015-04-22|benchmark|204|LXS.DE|Regular
2015-03-22|benchmark|204|LXS.DE|Regular
2015-04-27|benchmark|107|MRK.DE|Regular
2015-04-22|benchmark|107|MRK.DE|Regular
2015-03-22|benchmark|107|MRK.DE|Regular
2015-04-27|benchmark|60|MUV2.DE|Regular
2015-04-22|benchmark|60|MUV2.DE|Regular
2015-03-22|benchmark|60|MUV2.DE|Regular
2015-04-27|benchmark|500|RWE.DE|Regular
2015-04-22|benchmark|500|RWE.DE|Regular
2015-03-22|benchmark|500|RWE.DE|Regular
2015-04-27|benchmark|151|SAP.DE|Regular
2015-04-22|benchmark|151|SAP.DE|Regular
2015-03-22|benchmark|151|SAP.DE|Regular
2015-04-27|benchmark|357|SDF.DE|Regular
2015-04-22|benchmark|357|SDF.DE|Regular
2015-03-22|benchmark|357|SDF.DE|Regular
2015-04-27|benchmark|105|SIE.DE|Regular
2015-04-22|benchmark|105|SIE.DE|Regular
2015-03-22|benchmark|105|SIE.DE|Regular
2015-04-27|benchmark|416|TKA.DE|Regular
2015-04-22|benchmark|416|TKA.DE|Regular
2015-03-22|benchmark|416|TKA.DE|Regular
2015-04-27|benchmark|46|VOW3.DE|Regular
2015-04-22|benchmark|46|VOW3.DE|Regular
2015-03-22|benchmark|46|VOW3.DE|Regular
2015-04-23|benchmark|142|ADS.DE|Regular
2015-04-24|benchmark|142|ADS.DE|Regular
2015-04-25|benchmark|142|ADS.DE|Regular
2015-04-26|benchmark|142|ADS.DE|Regular
2015-04-27|benchmark|142|ADS.DE|Regular
2015-03-23|benchmark|142|ADS.DE|Regular
2015-03-24|benchmark|142|ADS.DE|Regular
2015-03-25|benchmark|142|ADS.DE|Regular
2015-03-26|benchmark|142|ADS.DE|Regular
2015-03-27|benchmark|142|ADS.DE|Regular
2015-03-28|benchmark|142|ADS.DE|Regular
2015-03-29|benchmark|142|ADS.DE|Regular
2015-03-30|benchmark|142|ADS.DE|Regular
2015-03-31|benchmark|142|ADS.DE|Regular
2015-04-01|benchmark|142|ADS.DE|Regular
2015-04-02|benchmark|142|ADS.DE|Regular
2015-04-03|benchmark|142|ADS.DE|Regular
2015-04-04|benchmark|142|ADS.DE|Regular
2015-04-05|benchmark|142|ADS.DE|Regular
2015-04-06|benchmark|142|ADS.DE|Regular
2015-04-07|benchmark|142|ADS.DE|Regular
2015-04-08|benchmark|142|ADS.DE|Regular
2015-04-09|benchmark|142|ADS.DE|Regular
2015-04-10|benchmark|142|ADS.DE|Regular
2015-04-11|benchmark|142|ADS.DE|Regular
2015-04-12|benchmark|142|ADS.DE|Regular
2015-04-13|benchmark|142|ADS.DE|Regular
2015-04-14|benchmark|142|ADS.DE|Regular
2015-04-15|benchmark|142|ADS.DE|Regular
2015-04-16|benchmark|142|ADS.DE|Regular
2015-04-17|benchmark|142|ADS.DE|Regular
2015-04-18|benchmark|142|ADS.DE|Regular
2015-04-19|benchmark|142|ADS.DE|Regular
2015-04-20|benchmark|142|ADS.DE|Regular
2015-04-21|benchmark|142|ADS.DE|Regular
2015-04-22|benchmark|142|ADS.DE|Regular
2015-04-23|benchmark|70|ALV.DE|Regular
2015-04-24|benchmark|70|ALV.DE|Regular
2015-04-25|benchmark|70|ALV.DE|Regular
2015-04-26|benchmark|70|ALV.DE|Regular
2015-04-27|benchmark|70|ALV.DE|Regular
2015-03-23|benchmark|70|ALV.DE|Regular
2015-03-24|benchmark|70|ALV.DE|Regular
2015-03-25|benchmark|70|ALV.DE|Regular
2015-03-26|benchmark|70|ALV.DE|Regular
2015-03-27|benchmark|70|ALV.DE|Regular
2015-03-28|benchmark|70|ALV.DE|Regular
2015-03-29|benchmark|70|ALV.DE|Regular
2015-03-30|benchmark|70|ALV.DE|Regular
2015-03-31|benchmark|70|ALV.DE|Regular
2015-04-01|benchmark|70|ALV.DE|Regular
2015-04-02|benchmark|70|ALV.DE|Regular
2015-04-03|benchmark|70|ALV.DE|Regular
2015-04-04|benchmark|70|ALV.DE|Regular
2015-04-05|benchmark|70|ALV.DE|Regular
2015-04-06|benchmark|70|ALV.DE|Regular
2015-04-07|benchmark|70|ALV.DE|Regular
2015-04-08|benchmark|70|ALV.DE|Regular
2015-04-09|benchmark|70|ALV.DE|Regular
2015-04-10|benchmark|70|ALV.DE|Regular
2015-04-11|benchmark|70|ALV.DE|Regular
2015-04-12|benchmark|70|ALV.DE|Regular
2015-04-13|benchmark|70|ALV.DE|Regular
2015-04-14|benchmark|70|ALV.DE|Regular
2015-04-15|benchmark|70|ALV.DE|Regular
2015-04-16|benchmark|70|ALV.DE|Regular
2015-04-17|benchmark|70|ALV.DE|Regular
2015-04-18|benchmark|70|ALV.DE|Regular
2015-04-19|benchmark|70|ALV.DE|Regular
2015-04-20|benchmark|70|ALV.DE|Regular
2015-04-21|benchmark|70|ALV.DE|Regular
2015-04-22|benchmark|70|ALV.DE|Regular
2015-04-23|benchmark|120|BAS.DE|Regular
2015-04-24|benchmark|120|BAS.DE|Regular
2015-04-25|benchmark|120|BAS.DE|Regular
2015-04-26|benchmark|120|BAS.DE|Regular
2015-04-27|benchmark|120|BAS.DE|Regular
2015-03-23|benchmark|120|BAS.DE|Regular
2015-03-24|benchmark|120|BAS.DE|Regular
2015-03-25|benchmark|120|BAS.DE|Regular
2015-03-26|benchmark|120|BAS.DE|Regular
2015-03-27|benchmark|120|BAS.DE|Regular
2015-03-28|benchmark|120|BAS.DE|Regular
2015-03-29|benchmark|120|BAS.DE|Regular
2015-03-30|benchmark|120|BAS.DE|Regular
2015-03-31|benchmark|120|BAS.DE|Regular
2015-04-01|benchmark|120|BAS.DE|Regular
2015-04-02|benchmark|120|BAS.DE|Regular
2015-04-03|benchmark|120|BAS.DE|Regular
2015-04-04|benchmark|120|BAS.DE|Regular
2015-04-05|benchmark|120|BAS.DE|Regular
2015-04-06|benchmark|120|BAS.DE|Regular
2015-04-07|benchmark|120|BAS.DE|Regular
2015-04-08|benchmark|120|BAS.DE|Regular
2015-04-09|benchmark|120|BAS.DE|Regular
2015-04-10|benchmark|120|BAS.DE|Regular
2015-04-11|benchmark|120|BAS.DE|Regular
2015-04-12|benchmark|120|BAS.DE|Regular
2015-04-13|benchmark|120|BAS.DE|Regular
2015-04-14|benchmark|120|BAS.DE|Regular
2015-04-15|benchmark|120|BAS.DE|Regular
2015-04-16|benchmark|120|BAS.DE|Regular
2015-04-17|benchmark|120|BAS.DE|Regular
2015-04-18|benchmark|120|BAS.DE|Regular
2015-04-19|benchmark|120|BAS.DE|Regular
2015-04-20|benchmark|120|BAS.DE|Regular
2015-04-21|benchmark|120|BAS.DE|Regular
2015-04-22|benchmark|120|BAS.DE|Regular
2015-04-23|benchmark|78|BAYN.DE|Regular
2015-04-24|benchmark|78|BAYN.DE|Regular
2015-04-25|benchmark|78|BAYN.DE|Regular
2015-04-26|benchmark|78|BAYN.DE|Regular
2015-04-27|benchmark|78|BAYN.DE|Regular
2015-03-23|benchmark|78|BAYN.DE|Regular
2015-03-24|benchmark|78|BAYN.DE|Regular
2015-03-25|benchmark|78|BAYN.DE|Regular
2015-03-26|benchmark|78|BAYN.DE|Regular
2015-03-27|benchmark|78|BAYN.DE|Regular
2015-03-28|benchmark|78|BAYN.DE|Regular
2015-03-29|benchmark|78|BAYN.DE|Regular
2015-03-30|benchmark|78|BAYN.DE|Regular
2015-03-31|benchmark|78|BAYN.DE|Regular
2015-04-01|benchmark|78|BAYN.DE|Regular
2015-04-02|benchmark|78|BAYN.DE|Regular
2015-04-03|benchmark|78|BAYN.DE|Regular
2015-04-04|benchmark|78|BAYN.DE|Regular
2015-04-05|benchmark|78|BAYN.DE|Regular
2015-04-06|benchmark|78|BAYN.DE|Regular
2015-04-07|benchmark|78|BAYN.DE|Regular
2015-04-08|benchmark|78|BAYN.DE|Regular
2015-04-09|benchmark|78|BAYN.DE|Regular
2015-04-10|benchmark|78|BAYN.DE|Regular
2015-04-11|benchmark|78|BAYN.DE|Regular
2015-04-12|benchmark|78|BAYN.DE|Regular
2015-04-13|benchmark|78|BAYN.DE|Regular
2015-04-14|benchmark|78|BAYN.DE|Regular
2015-04-15|benchmark|78|BAYN.DE|Regular
2015-04-16|benchmark|78|BAYN.DE|Regular
2015-04-17|benchmark|78|BAYN.DE|Regular
2015-04-18|benchmark|78|BAYN.DE|Regular
2015-04-19|benchmark|78|BAYN.DE|Regular
2015-04-20|benchmark|78|BAYN.DE|Regular
2015-04-21|benchmark|78|BAYN.DE|Regular
2015-04-22|benchmark|78|BAYN.DE|Regular
2015-04-23|benchmark|125|BEI.DE|Regular
2015-04-24|benchmark|125|BEI.DE|Regular
2015-04-25|benchmark|125|BEI.DE|Regular
2015-04-26|benchmark|125|BEI.DE|Regular
2015-04-27|benchmark|125|BEI.DE|Regular
2015-03-23|benchmark|125|BEI.DE|Regular
2015-03-24|benchmark|125|BEI.DE|Regular
2015-03-25|benchmark|125|BEI.DE|Regular
2015-03-26|benchmark|125|BEI.DE|Regular
2015-03-27|benchmark|125|BEI.DE|Regular
2015-03-28|benchmark|125|BEI.DE|Regular
2015-03-29|benchmark|125|BEI.DE|Regular
2015-03-30|benchmark|125|BEI.DE|Regular
2015-03-31|benchmark|125|BEI.DE|Regular
2015-04-01|benchmark|125|BEI.DE|Regular
2015-04-02|benchmark|125|BEI.DE|Regular
2015-04-03|benchmark|125|BEI.DE|Regular
2015-04-04|benchmark|125|BEI.DE|Regular
2015-04-05|benchmark|125|BEI.DE|Regular
2015-04-06|benchmark|125|BEI.DE|Regular
2015-04-07|benchmark|125|BEI.DE|Regular
2015-04-08|benchmark|125|BEI.DE|Regular
2015-04-09|benchmark|125|BEI.DE|Regular
2015-04-10|benchmark|125|BEI.DE|Regular
2015-04-11|benchmark|125|BEI.DE|Regular
2015-04-12|benchmark|125|BEI.DE|Regular
2015-04-13|benchmark|125|BEI.DE|Regular
2015-04-14|benchmark|125|BEI.DE|Regular
2015-04-15|benchmark|125|BEI.DE|Regular
2015-04-16|benchmark|125|BEI.DE|Regular
2015-04-17|benchmark|125|BEI.DE|Regular
2015-04-18|benchmark|125|BEI.DE|Regular
2015-04-19|benchmark|125|BEI.DE|Regular
2015-04-20|benchmark|125|BEI.DE|Regular
2015-04-21|benchmark|125|BEI.DE|Regular
2015-04-22|benchmark|125|BEI.DE|Regular
2015-04-23|benchmark|101|BMW.DE|Regular
2015-04-24|benchmark|101|BMW.DE|Regular
2015-04-25|benchmark|101|BMW.DE|Regular
2015-04-26|benchmark|101|BMW.DE|Regular
2015-04-27|benchmark|101|BMW.DE|Regular
2015-03-23|benchmark|101|BMW.DE|Regular
2015-03-24|benchmark|101|BMW.DE|Regular
2015-03-25|benchmark|101|BMW.DE|Regular
2015-03-26|benchmark|101|BMW.DE|Regular
2015-03-27|benchmark|101|BMW.DE|Regular
2015-03-28|benchmark|101|BMW.DE|Regular
2015-03-29|benchmark|101|BMW.DE|Regular
2015-03-30|benchmark|101|BMW.DE|Regular
2015-03-31|benchmark|101|BMW.DE|Regular
2015-04-01|benchmark|101|BMW.DE|Regular
2015-04-02|benchmark|101|BMW.DE|Regular
2015-04-03|benchmark|101|BMW.DE|Regular
2015-04-04|benchmark|101|BMW.DE|Regular
2015-04-05|benchmark|101|BMW.DE|Regular
2015-04-06|benchmark|101|BMW.DE|Regular
2015-04-07|benchmark|101|BMW.DE|Regular
2015-04-08|benchmark|101|BMW.DE|Regular
2015-04-09|benchmark|101|BMW.DE|Regular
2015-04-10|benchmark|101|BMW.DE|Regular
2015-04-11|benchmark|101|BMW.DE|Regular
2015-04-12|benchmark|101|BMW.DE|Regular
2015-04-13|benchmark|101|BMW.DE|Regular
2015-04-14|benchmark|101|BMW.DE|Regular
2015-04-15|benchmark|101|BMW.DE|Regular
2015-04-16|benchmark|101|BMW.DE|Regular
2015-04-17|benchmark|101|BMW.DE|Regular
2015-04-18|benchmark|101|BMW.DE|Regular
2015-04-19|benchmark|101|BMW.DE|Regular
2015-04-20|benchmark|101|BMW.DE|Regular
2015-04-21|benchmark|101|BMW.DE|Regular
2015-04-22|benchmark|101|BMW.DE|Regular
2015-04-23|benchmark|833|CBK.DE|Regular
2015-04-24|benchmark|833|CBK.DE|Regular
2015-04-25|benchmark|833|CBK.DE|Regular
2015-04-26|benchmark|833|CBK.DE|Regular
2015-04-27|benchmark|833|CBK.DE|Regular
2015-03-23|benchmark|833|CBK.DE|Regular
2015-03-24|benchmark|833|CBK.DE|Regular
2015-03-25|benchmark|833|CBK.DE|Regular
2015-03-26|benchmark|833|CBK.DE|Regular
2015-03-27|benchmark|833|CBK.DE|Regular
2015-03-28|benchmark|833|CBK.DE|Regular
2015-03-29|benchmark|833|CBK.DE|Regular
2015-03-30|benchmark|833|CBK.DE|Regular
2015-03-31|benchmark|833|CBK.DE|Regular
2015-04-01|benchmark|833|CBK.DE|Regular
2015-04-02|benchmark|833|CBK.DE|Regular
2015-04-03|benchmark|833|CBK.DE|Regular
2015-04-04|benchmark|833|CBK.DE|Regular
2015-04-05|benchmark|833|CBK.DE|Regular
2015-04-06|benchmark|833|CBK.DE|Regular
2015-04-07|benchmark|833|CBK.DE|Regular
2015-04-08|benchmark|833|CBK.DE|Regular
2015-04-09|benchmark|833|CBK.DE|Regular
2015-04-10|benchmark|833|CBK.DE|Regular
2015-04-11|benchmark|833|CBK.DE|Regular
2015-04-12|benchmark|833|CBK.DE|Regular
2015-04-13|benchmark|833|CBK.DE|Regular
2015-04-14|benchmark|833|CBK.DE|Regular
2015-04-15|benchmark|833|CBK.DE|Regular
2015-04-16|benchmark|833|CBK.DE|Regular
2015-04-17|benchmark|833|CBK.DE|Regular
2015-04-18|benchmark|833|CBK.DE|Regular
2015-04-19|benchmark|833|CBK.DE|Regular
2015-04-20|benchmark|833|CBK.DE|Regular
2015-04-21|benchmark|833|CBK.DE|Regular
2015-04-22|benchmark|833|CBK.DE|Regular
2015-04-23|benchmark|48|CON.DE|Regular
2015-04-24|benchmark|48|CON.DE|Regular
2015-04-25|benchmark|48|CON.DE|Regular
2015-04-26|benchmark|48|CON.DE|Regular
2015-04-27|benchmark|48|CON.DE|Regular
2015-03-23|benchmark|48|CON.DE|Regular
2015-03-24|benchmark|48|CON.DE|Regular
2015-03-25|benchmark|48|CON.DE|Regular
2015-03-26|benchmark|48|CON.DE|Regular
2015-03-27|benchmark|48|CON.DE|Regular
2015-03-28|benchmark|48|CON.DE|Regular
2015-03-29|benchmark|48|CON.DE|Regular
2015-03-30|benchmark|48|CON.DE|Regular
2015-03-31|benchmark|48|CON.DE|Regular
2015-04-01|benchmark|48|CON.DE|Regular
2015-04-02|benchmark|48|CON.DE|Regular
2015-04-03|benchmark|48|CON.DE|Regular
2015-04-04|benchmark|48|CON.DE|Regular
2015-04-05|benchmark|48|CON.DE|Regular
2015-04-06|benchmark|48|CON.DE|Regular
2015-04-07|benchmark|48|CON.DE|Regular
2015-04-08|benchmark|48|CON.DE|Regular
2015-04-09|benchmark|48|CON.DE|Regular
2015-04-10|benchmark|48|CON.DE|Regular
2015-04-11|benchmark|48|CON.DE|Regular
2015-04-12|benchmark|48|CON.DE|Regular
2015-04-13|benchmark|48|CON.DE|Regular
2015-04-14|benchmark|48|CON.DE|Regular
2015-04-15|benchmark|48|CON.DE|Regular
2015-04-16|benchmark|48|CON.DE|Regular
2015-04-17|benchmark|48|CON.DE|Regular
2015-04-18|benchmark|48|CON.DE|Regular
2015-04-19|benchmark|48|CON.DE|Regular
2015-04-20|benchmark|48|CON.DE|Regular
2015-04-21|benchmark|48|CON.DE|Regular
2015-04-22|benchmark|48|CON.DE|Regular
2015-04-23|benchmark|123|DAI.DE|Regular
2015-04-24|benchmark|123|DAI.DE|Regular
2015-04-25|benchmark|123|DAI.DE|Regular
2015-04-26|benchmark|123|DAI.DE|Regular
2015-04-27|benchmark|123|DAI.DE|Regular
2015-03-23|benchmark|123|DAI.DE|Regular
2015-03-24|benchmark|123|DAI.DE|Regular
2015-03-25|benchmark|123|DAI.DE|Regular
2015-03-26|benchmark|123|DAI.DE|Regular
2015-03-27|benchmark|123|DAI.DE|Regular
2015-03-28|benchmark|123|DAI.DE|Regular
2015-03-29|benchmark|123|DAI.DE|Regular
2015-03-30|benchmark|123|DAI.DE|Regular
2015-03-31|benchmark|123|DAI.DE|Regular
2015-04-01|benchmark|123|DAI.DE|Regular
2015-04-02|benchmark|123|DAI.DE|Regular
2015-04-03|benchmark|123|DAI.DE|Regular
2015-04-04|benchmark|123|DAI.DE|Regular
2015-04-05|benchmark|123|DAI.DE|Regular
2015-04-06|benchmark|123|DAI.DE|Regular
2015-04-07|benchmark|123|DAI.DE|Regular
2015-04-08|benchmark|123|DAI.DE|Regular
2015-04-09|benchmark|123|DAI.DE|Regular
2015-04-10|benchmark|123|DAI.DE|Regular
2015-04-11|benchmark|123|DAI.DE|Regular
2015-04-12|benchmark|123|DAI.DE|Regular
2015-04-13|benchmark|123|DAI.DE|Regular
2015-04-14|benchmark|123|DAI.DE|Regular
2015-04-15|benchmark|123|DAI.DE|Regular
2015-04-16|benchmark|123|DAI.DE|Regular
2015-04-17|benchmark|123|DAI.DE|Regular
2015-04-18|benchmark|123|DAI.DE|Regular
2015-04-19|benchmark|123|DAI.DE|Regular
2015-04-20|benchmark|123|DAI.DE|Regular
2015-04-21|benchmark|123|DAI.DE|Regular
2015-04-22|benchmark|123|DAI.DE|Regular
2015-04-23|benchmark|135|DB1.DE|Regular
2015-04-24|benchmark|135|DB1.DE|Regular
2015-04-25|benchmark|135|DB1.DE|Regular
2015-04-26|benchmark|135|DB1.DE|Regular
2015-04-27|benchmark|135|DB1.DE|Regular
2015-03-23|benchmark|135|DB1.DE|Regular
2015-03-24|benchmark|135|DB1.DE|Regular
2015-03-25|benchmark|135|DB1.DE|Regular
2015-03-26|benchmark|135|DB1.DE|Regular
2015-03-27|benchmark|135|DB1.DE|Regular
2015-03-28|benchmark|135|DB1.DE|Regular
2015-03-29|benchmark|135|DB1.DE|Regular
2015-03-30|benchmark|135|DB1.DE|Regular
2015-03-31|benchmark|135|DB1.DE|Regular
2015-04-01|benchmark|135|DB1.DE|Regular
2015-04-02|benchmark|135|DB1.DE|Regular
2015-04-03|benchmark|135|DB1.DE|Regular
2015-04-04|benchmark|135|DB1.DE|Regular
2015-04-05|benchmark|135|DB1.DE|Regular
2015-04-06|benchmark|135|DB1.DE|Regular
2015-04-07|benchmark|135|DB1.DE|Regular
2015-04-08|benchmark|135|DB1.DE|Regular
2015-04-09|benchmark|135|DB1.DE|Regular
2015-04-10|benchmark|135|DB1.DE|Regular
2015-04-11|benchmark|135|DB1.DE|Regular
2015-04-12|benchmark|135|DB1.DE|Regular
2015-04-13|benchmark|135|DB1.DE|Regular
2015-04-14|benchmark|135|DB1.DE|Regular
2015-04-15|benchmark|135|DB1.DE|Regular
2015-04-16|benchmark|135|DB1.DE|Regular
2015-04-17|benchmark|135|DB1.DE|Regular
2015-04-18|benchmark|135|DB1.DE|Regular
2015-04-19|benchmark|135|DB1.DE|Regular
2015-04-20|benchmark|135|DB1.DE|Regular
2015-04-21|benchmark|135|DB1.DE|Regular
2015-04-22|benchmark|135|DB1.DE|Regular
2015-04-23|benchmark|370|DBK.DE|Regular
2015-04-24|benchmark|370|DBK.DE|Regular
2015-04-25|benchmark|370|DBK.DE|Regular
2015-04-26|benchmark|370|DBK.DE|Regular
2015-04-27|benchmark|370|DBK.DE|Regular
2015-03-23|benchmark|370|DBK.DE|Regular
2015-03-24|benchmark|370|DBK.DE|Regular
2015-03-25|benchmark|370|DBK.DE|Regular
2015-03-26|benchmark|370|DBK.DE|Regular
2015-03-27|benchmark|370|DBK.DE|Regular
2015-03-28|benchmark|370|DBK.DE|Regular
2015-03-29|benchmark|370|DBK.DE|Regular
2015-03-30|benchmark|370|DBK.DE|Regular
2015-03-31|benchmark|370|DBK.DE|Regular
2015-04-01|benchmark|370|DBK.DE|Regular
2015-04-02|benchmark|370|DBK.DE|Regular
2015-04-03|benchmark|370|DBK.DE|Regular
2015-04-04|benchmark|370|DBK.DE|Regular
2015-04-05|benchmark|370|DBK.DE|Regular
2015-04-06|benchmark|370|DBK.DE|Regular
2015-04-07|benchmark|370|DBK.DE|Regular
2015-04-08|benchmark|370|DBK.DE|Regular
2015-04-09|benchmark|370|DBK.DE|Regular
2015-04-10|benchmark|370|DBK.DE|Regular
2015-04-11|benchmark|370|DBK.DE|Regular
2015-04-12|benchmark|370|DBK.DE|Regular
2015-04-13|benchmark|370|DBK.DE|Regular
2015-04-14|benchmark|370|DBK.DE|Regular
2015-04-15|benchmark|370|DBK.DE|Regular
2015-04-16|benchmark|370|DBK.DE|Regular
2015-04-17|benchmark|370|DBK.DE|Regular
2015-04-18|benchmark|370|DBK.DE|Regular
2015-04-19|benchmark|370|DBK.DE|Regular
2015-04-20|benchmark|370|DBK.DE|Regular
2015-04-21|benchmark|370|DBK.DE|Regular
2015-04-22|benchmark|370|DBK.DE|Regular
2015-04-23|benchmark|384|DPW.DE|Regular
2015-04-24|benchmark|384|DPW.DE|Regular
2015-04-25|benchmark|384|DPW.DE|Regular
2015-04-26|benchmark|384|DPW.DE|Regular
2015-04-27|benchmark|384|DPW.DE|Regular
2015-03-23|benchmark|384|DPW.DE|Regular
2015-03-24|benchmark|384|DPW.DE|Regular
2015-03-25|benchmark|384|DPW.DE|Regular
2015-03-26|benchmark|384|DPW.DE|Regular
2015-03-27|benchmark|384|DPW.DE|Regular
2015-03-28|benchmark|384|DPW.DE|Regular
2015-03-29|benchmark|384|DPW.DE|Regular
2015-03-30|benchmark|384|DPW.DE|Regular
2015-03-31|benchmark|384|DPW.DE|Regular
2015-04-01|benchmark|384|DPW.DE|Regular
2015-04-02|benchmark|384|DPW.DE|Regular
2015-04-03|benchmark|384|DPW.DE|Regular
2015-04-04|benchmark|384|DPW.DE|Regular
2015-04-05|benchmark|384|DPW.DE|Regular
2015-04-06|benchmark|384|DPW.DE|Regular
2015-04-07|benchmark|384|DPW.DE|Regular
2015-04-08|benchmark|384|DPW.DE|Regular
2015-04-09|benchmark|384|DPW.DE|Regular
2015-04-10|benchmark|384|DPW.DE|Regular
2015-04-11|benchmark|384|DPW.DE|Regular
2015-04-12|benchmark|384|DPW.DE|Regular
2015-04-13|benchmark|384|DPW.DE|Regular
2015-04-14|benchmark|384|DPW.DE|Regular
2015-04-15|benchmark|384|DPW.DE|Regular
2015-04-16|benchmark|384|DPW.DE|Regular
2015-04-17|benchmark|384|DPW.DE|Regular
2015-04-18|benchmark|384|DPW.DE|Regular
2015-04-19|benchmark|384|DPW.DE|Regular
2015-04-20|benchmark|384|DPW.DE|Regular
2015-04-21|benchmark|384|DPW.DE|Regular
2015-04-22|benchmark|384|DPW.DE|Regular
2015-04-23|benchmark|666|DTE.DE|Regular
2015-04-24|benchmark|666|DTE.DE|Regular
2015-04-25|benchmark|666|DTE.DE|Regular
2015-04-26|benchmark|666|DTE.DE|Regular
2015-04-27|benchmark|666|DTE.DE|Regular
2015-03-23|benchmark|666|DTE.DE|Regular
2015-03-24|benchmark|666|DTE.DE|Regular
2015-03-25|benchmark|666|DTE.DE|Regular
2015-03-26|benchmark|666|DTE.DE|Regular
2015-03-27|benchmark|666|DTE.DE|Regular
2015-03-28|benchmark|666|DTE.DE|Regular
2015-03-29|benchmark|666|DTE.DE|Regular
2015-03-30|benchmark|666|DTE.DE|Regular
2015-03-31|benchmark|666|DTE.DE|Regular
2015-04-01|benchmark|666|DTE.DE|Regular
2015-04-02|benchmark|666|DTE.DE|Regular
2015-04-03|benchmark|666|DTE.DE|Regular
2015-04-04|benchmark|666|DTE.DE|Regular
2015-04-05|benchmark|666|DTE.DE|Regular
2015-04-06|benchmark|666|DTE.DE|Regular
2015-04-07|benchmark|666|DTE.DE|Regular
2015-04-08|benchmark|666|DTE.DE|Regular
2015-04-09|benchmark|666|DTE.DE|Regular
2015-04-10|benchmark|666|DTE.DE|Regular
2015-04-11|benchmark|666|DTE.DE|Regular
2015-04-12|benchmark|666|DTE.DE|Regular
2015-04-13|benchmark|666|DTE.DE|Regular
2015-04-14|benchmark|666|DTE.DE|Regular
2015-04-15|benchmark|666|DTE.DE|Regular
2015-04-16|benchmark|666|DTE.DE|Regular
2015-04-17|benchmark|666|DTE.DE|Regular
2015-04-18|benchmark|666|DTE.DE|Regular
2015-04-19|benchmark|666|DTE.DE|Regular
2015-04-20|benchmark|666|DTE.DE|Regular
2015-04-21|benchmark|666|DTE.DE|Regular
2015-04-22|benchmark|666|DTE.DE|Regular
2015-04-23|benchmark|769|EOAN.DE|Regular
2015-04-24|benchmark|769|EOAN.DE|Regular
2015-04-25|benchmark|769|EOAN.DE|Regular
2015-04-26|benchmark|769|EOAN.DE|Regular
2015-04-27|benchmark|769|EOAN.DE|Regular
2015-03-23|benchmark|769|EOAN.DE|Regular
2015-03-24|benchmark|769|EOAN.DE|Regular
2015-03-25|benchmark|769|EOAN.DE|Regular
2015-03-26|benchmark|769|EOAN.DE|Regular
2015-03-27|benchmark|769|EOAN.DE|Regular
2015-03-28|benchmark|769|EOAN.DE|Regular
2015-03-29|benchmark|769|EOAN.DE|Regular
2015-03-30|benchmark|769|EOAN.DE|Regular
2015-03-31|benchmark|769|EOAN.DE|Regular
2015-04-01|benchmark|769|EOAN.DE|Regular
2015-04-02|benchmark|769|EOAN.DE|Regular
2015-04-03|benchmark|769|EOAN.DE|Regular
2015-04-04|benchmark|769|EOAN.DE|Regular
2015-04-05|benchmark|769|EOAN.DE|Regular
2015-04-06|benchmark|769|EOAN.DE|Regular
2015-04-07|benchmark|769|EOAN.DE|Regular
2015-04-08|benchmark|769|EOAN.DE|Regular
2015-04-09|benchmark|769|EOAN.DE|Regular
2015-04-10|benchmark|769|EOAN.DE|Regular
2015-04-11|benchmark|769|EOAN.DE|Regular
2015-04-12|benchmark|769|EOAN.DE|Regular
2015-04-13|benchmark|769|EOAN.DE|Regular
2015-04-14|benchmark|769|EOAN.DE|Regular
2015-04-15|benchmark|769|EOAN.DE|Regular
2015-04-16|benchmark|769|EOAN.DE|Regular
2015-04-17|benchmark|769|EOAN.DE|Regular
2015-04-18|benchmark|769|EOAN.DE|Regular
2015-04-19|benchmark|769|EOAN.DE|Regular
2015-04-20|benchmark|769|EOAN.DE|Regular
2015-04-21|benchmark|769|EOAN.DE|Regular
2015-04-22|benchmark|769|EOAN.DE|Regular
2015-04-23|benchmark|129|FME.DE|Regular
2015-04-24|benchmark|129|FME.DE|Regular
2015-04-25|benchmark|129|FME.DE|Regular
2015-04-26|benchmark|129|FME.DE|Regular
2015-04-27|benchmark|129|FME.DE|Regular
2015-03-23|benchmark|129|FME.DE|Regular
2015-03-24|benchmark|129|FME.DE|Regular
2015-03-25|benchmark|129|FME.DE|Regular
2015-03-26|benchmark|129|FME.DE|Regular
2015-03-27|benchmark|129|FME.DE|Regular
2015-03-28|benchmark|129|FME.DE|Regular
2015-03-29|benchmark|129|FME.DE|Regular
2015-03-30|benchmark|129|FME.DE|Regular
2015-03-31|benchmark|129|FME.DE|Regular
2015-04-01|benchmark|129|FME.DE|Regular
2015-04-02|benchmark|129|FME.DE|Regular
2015-04-03|benchmark|129|FME.DE|Regular
2015-04-04|benchmark|129|FME.DE|Regular
2015-04-05|benchmark|129|FME.DE|Regular
2015-04-06|benchmark|129|FME.DE|Regular
2015-04-07|benchmark|129|FME.DE|Regular
2015-04-08|benchmark|129|FME.DE|Regular
2015-04-09|benchmark|129|FME.DE|Regular
2015-04-10|benchmark|129|FME.DE|Regular
2015-04-11|benchmark|129|FME.DE|Regular
2015-04-12|benchmark|129|FME.DE|Regular
2015-04-13|benchmark|129|FME.DE|Regular
2015-04-14|benchmark|129|FME.DE|Regular
2015-04-15|benchmark|129|FME.DE|Regular
2015-04-16|benchmark|129|FME.DE|Regular
2015-04-17|benchmark|129|FME.DE|Regular
2015-04-18|benchmark|129|FME.DE|Regular
2015-04-19|benchmark|129|FME.DE|Regular
2015-04-20|benchmark|129|FME.DE|Regular
2015-04-21|benchmark|129|FME.DE|Regular
2015-04-22|benchmark|129|FME.DE|Regular
2015-04-23|benchmark|178|FRE.DE|Regular
2015-04-24|benchmark|178|FRE.DE|Regular
2015-04-25|benchmark|178|FRE.DE|Regular
2015-04-26|benchmark|178|FRE.DE|Regular
2015-04-27|benchmark|178|FRE.DE|Regular
2015-03-23|benchmark|178|FRE.DE|Regular
2015-03-24|benchmark|178|FRE.DE|Regular
2015-03-25|benchmark|178|FRE.DE|Regular
2015-03-26|benchmark|178|FRE.DE|Regular
2015-03-27|benchmark|178|FRE.DE|Regular
2015-03-28|benchmark|178|FRE.DE|Regular
2015-03-29|benchmark|178|FRE.DE|Regular
2015-03-30|benchmark|178|FRE.DE|Regular
2015-03-31|benchmark|178|FRE.DE|Regular
2015-04-01|benchmark|178|FRE.DE|Regular
2015-04-02|benchmark|178|FRE.DE|Regular
2015-04-03|benchmark|178|FRE.DE|Regular
2015-04-04|benchmark|178|FRE.DE|Regular
2015-04-05|benchmark|178|FRE.DE|Regular
2015-04-06|benchmark|178|FRE.DE|Regular
2015-04-07|benchmark|178|FRE.DE|Regular
2015-04-08|benchmark|178|FRE.DE|Regular
2015-04-09|benchmark|178|FRE.DE|Regular
2015-04-10|benchmark|178|FRE.DE|Regular
2015-04-11|benchmark|178|FRE.DE|Regular
2015-04-12|benchmark|178|FRE.DE|Regular
2015-04-13|benchmark|178|FRE.DE|Regular
2015-04-14|benchmark|178|FRE.DE|Regular
2015-04-15|benchmark|178|FRE.DE|Regular
2015-04-16|benchmark|178|FRE.DE|Regular
2015-04-17|benchmark|178|FRE.DE|Regular
2015-04-18|benchmark|178|FRE.DE|Regular
2015-04-19|benchmark|178|FRE.DE|Regular
2015-04-20|benchmark|178|FRE.DE|Regular
2015-04-21|benchmark|178|FRE.DE|Regular
2015-04-22|benchmark|178|FRE.DE|Regular
2015-04-23|benchmark|138|HEI.DE|Regular
2015-04-24|benchmark|138|HEI.DE|Regular
2015-04-25|benchmark|138|HEI.DE|Regular
2015-04-26|benchmark|138|HEI.DE|Regular
2015-04-27|benchmark|138|HEI.DE|Regular
2015-03-23|benchmark|138|HEI.DE|Regular
2015-03-24|benchmark|138|HEI.DE|Regular
2015-03-25|benchmark|138|HEI.DE|Regular
2015-03-26|benchmark|138|HEI.DE|Regular
2015-03-27|benchmark|138|HEI.DE|Regular
2015-03-28|benchmark|138|HEI.DE|Regular
2015-03-29|benchmark|138|HEI.DE|Regular
2015-03-30|benchmark|138|HEI.DE|Regular
2015-03-31|benchmark|138|HEI.DE|Regular
2015-04-01|benchmark|138|HEI.DE|Regular
2015-04-02|benchmark|138|HEI.DE|Regular
2015-04-03|benchmark|138|HEI.DE|Regular
2015-04-04|benchmark|138|HEI.DE|Regular
2015-04-05|benchmark|138|HEI.DE|Regular
2015-04-06|benchmark|138|HEI.DE|Regular
2015-04-07|benchmark|138|HEI.DE|Regular
2015-04-08|benchmark|138|HEI.DE|Regular
2015-04-09|benchmark|138|HEI.DE|Regular
2015-04-10|benchmark|138|HEI.DE|Regular
2015-04-11|benchmark|138|HEI.DE|Regular
2015-04-12|benchmark|138|HEI.DE|Regular
2015-04-13|benchmark|138|HEI.DE|Regular
2015-04-14|benchmark|138|HEI.DE|Regular
2015-04-15|benchmark|138|HEI.DE|Regular
2015-04-16|benchmark|138|HEI.DE|Regular
2015-04-17|benchmark|138|HEI.DE|Regular
2015-04-18|benchmark|138|HEI.DE|Regular
2015-04-19|benchmark|138|HEI.DE|Regular
2015-04-20|benchmark|138|HEI.DE|Regular
2015-04-21|benchmark|138|HEI.DE|Regular
2015-04-22|benchmark|138|HEI.DE|Regular
2015-04-23|benchmark|93|HEN3.DE|Regular
2015-04-24|benchmark|93|HEN3.DE|Regular
2015-04-25|benchmark|93|HEN3.DE|Regular
2015-04-26|benchmark|93|HEN3.DE|Regular
2015-04-27|benchmark|93|HEN3.DE|Regular
2015-03-23|benchmark|93|HEN3.DE|Regular
2015-03-24|benchmark|93|HEN3.DE|Regular
2015-03-25|benchmark|93|HEN3.DE|Regular
2015-03-26|benchmark|93|HEN3.DE|Regular
2015-03-27|benchmark|93|HEN3.DE|Regular
2015-03-28|benchmark|93|HEN3.DE|Regular
2015-03-29|benchmark|93|HEN3.DE|Regular
2015-03-30|benchmark|93|HEN3.DE|Regular
2015-03-31|benchmark|93|HEN3.DE|Regular
2015-04-01|benchmark|93|HEN3.DE|Regular
2015-04-02|benchmark|93|HEN3.DE|Regular
2015-04-03|benchmark|93|HEN3.DE|Regular
2015-04-04|benchmark|93|HEN3.DE|Regular
2015-04-05|benchmark|93|HEN3.DE|Regular
2015-04-06|benchmark|93|HEN3.DE|Regular
2015-04-07|benchmark|93|HEN3.DE|Regular
2015-04-08|benchmark|93|HEN3.DE|Regular
2015-04-09|benchmark|93|HEN3.DE|Regular
2015-04-10|benchmark|93|HEN3.DE|Regular
2015-04-11|benchmark|93|HEN3.DE|Regular
2015-04-12|benchmark|93|HEN3.DE|Regular
2015-04-13|benchmark|93|HEN3.DE|Regular
2015-04-14|benchmark|93|HEN3.DE|Regular
2015-04-15|benchmark|93|HEN3.DE|Regular
2015-04-16|benchmark|93|HEN3.DE|Regular
2015-04-17|benchmark|93|HEN3.DE|Regular
2015-04-18|benchmark|93|HEN3.DE|Regular
2015-04-19|benchmark|93|HEN3.DE|Regular
2015-04-20|benchmark|93|HEN3.DE|Regular
2015-04-21|benchmark|93|HEN3.DE|Regular
2015-04-22|benchmark|93|HEN3.DE|Regular
2015-04-23|benchmark|909|IFX.DE|Regular
2015-04-24|benchmark|909|IFX.DE|Regular
2015-04-25|benchmark|909|IFX.DE|Regular
2015-04-26|benchmark|909|IFX.DE|Regular
2015-04-27|benchmark|909|IFX.DE|Regular
2015-03-23|benchmark|909|IFX.DE|Regular
2015-03-24|benchmark|909|IFX.DE|Regular
2015-03-25|benchmark|909|IFX.DE|Regular
2015-03-26|benchmark|909|IFX.DE|Regular
2015-03-27|benchmark|909|IFX.DE|Regular
2015-03-28|benchmark|909|IFX.DE|Regular
2015-03-29|benchmark|909|IFX.DE|Regular
2015-03-30|benchmark|909|IFX.DE|Regular
2015-03-31|benchmark|909|IFX.DE|Regular
2015-04-01|benchmark|909|IFX.DE|Regular
2015-04-02|benchmark|909|IFX.DE|Regular
2015-04-03|benchmark|909|IFX.DE|Regular
2015-04-04|benchmark|909|IFX.DE|Regular
2015-04-05|benchmark|909|IFX.DE|Regular
2015-04-06|benchmark|909|IFX.DE|Regular
2015-04-07|benchmark|909|IFX.DE|Regular
2015-04-08|benchmark|909|IFX.DE|Regular
2015-04-09|benchmark|909|IFX.DE|Regular
2015-04-10|benchmark|909|IFX.DE|Regular
2015-04-11|benchmark|909|IFX.DE|Regular
2015-04-12|benchmark|909|IFX.DE|Regular
2015-04-13|benchmark|909|IFX.DE|Regular
2015-04-14|benchmark|909|IFX.DE|Regular
2015-04-15|benchmark|909|IFX.DE|Regular
2015-04-16|benchmark|909|IFX.DE|Regular
2015-04-17|benchmark|909|IFX.DE|Regular
2015-04-18|benchmark|909|IFX.DE|Regular
2015-04-19|benchmark|909|IFX.DE|Regular
2015-04-20|benchmark|909|IFX.DE|Regular
2015-04-21|benchmark|909|IFX.DE|Regular
2015-04-22|benchmark|909|IFX.DE|Regular
2015-04-23|benchmark|833|LHA.DE|Regular
2015-04-24|benchmark|833|LHA.DE|Regular
2015-04-25|benchmark|833|LHA.DE|Regular
2015-04-26|benchmark|833|LHA.DE|Regular
2015-04-27|benchmark|833|LHA.DE|Regular
2015-03-23|benchmark|833|LHA.DE|Regular
2015-03-24|benchmark|833|LHA.DE|Regular
2015-03-25|benchmark|833|LHA.DE|Regular
2015-03-26|benchmark|833|LHA.DE|Regular
2015-03-27|benchmark|833|LHA.DE|Regular
2015-03-28|benchmark|833|LHA.DE|Regular
2015-03-29|benchmark|833|LHA.DE|Regular
2015-03-30|benchmark|833|LHA.DE|Regular
2015-03-31|benchmark|833|LHA.DE|Regular
2015-04-01|benchmark|833|LHA.DE|Regular
2015-04-02|benchmark|833|LHA.DE|Regular
2015-04-03|benchmark|833|LHA.DE|Regular
2015-04-04|benchmark|833|LHA.DE|Regular
2015-04-05|benchmark|833|LHA.DE|Regular
2015-04-06|benchmark|833|LHA.DE|Regular
2015-04-07|benchmark|833|LHA.DE|Regular
2015-04-08|benchmark|833|LHA.DE|Regular
2015-04-09|benchmark|833|LHA.DE|Regular
2015-04-10|benchmark|833|LHA.DE|Regular
2015-04-11|benchmark|833|LHA.DE|Regular
2015-04-12|benchmark|833|LHA.DE|Regular
2015-04-13|benchmark|833|LHA.DE|Regular
2015-04-14|benchmark|833|LHA.DE|Regular
2015-04-15|benchmark|833|LHA.DE|Regular
2015-04-16|benchmark|833|LHA.DE|Regular
2015-04-17|benchmark|833|LHA.DE|Regular
2015-04-18|benchmark|833|LHA.DE|Regular
2015-04-19|benchmark|833|LHA.DE|Regular
2015-04-20|benchmark|833|LHA.DE|Regular
2015-04-21|benchmark|833|LHA.DE|Regular
2015-04-22|benchmark|833|LHA.DE|Regular
2015-04-23|benchmark|59|LIN.DE|Regular
2015-04-24|benchmark|59|LIN.DE|Regular
2015-04-25|benchmark|59|LIN.DE|Regular
2015-04-26|benchmark|59|LIN.DE|Regular
2015-04-27|benchmark|59|LIN.DE|Regular
2015-03-23|benchmark|59|LIN.DE|Regular
2015-03-24|benchmark|59|LIN.DE|Regular
2015-03-25|benchmark|59|LIN.DE|Regular
2015-03-26|benchmark|59|LIN.DE|Regular
2015-03-27|benchmark|59|LIN.DE|Regular
2015-03-28|benchmark|59|LIN.DE|Regular
2015-03-29|benchmark|59|LIN.DE|Regular
2015-03-30|benchmark|59|LIN.DE|Regular
2015-03-31|benchmark|59|LIN.DE|Regular
2015-04-01|benchmark|59|LIN.DE|Regular
2015-04-02|benchmark|59|LIN.DE|Regular
2015-04-03|benchmark|59|LIN.DE|Regular
2015-04-04|benchmark|59|LIN.DE|Regular
2015-04-05|benchmark|59|LIN.DE|Regular
2015-04-06|benchmark|59|LIN.DE|Regular
2015-04-07|benchmark|59|LIN.DE|Regular
2015-04-08|benchmark|59|LIN.DE|Regular
2015-04-09|benchmark|59|LIN.DE|Regular
2015-04-10|benchmark|59|LIN.DE|Regular
2015-04-11|benchmark|59|LIN.DE|Regular
2015-04-12|benchmark|59|LIN.DE|Regular
2015-04-13|benchmark|59|LIN.DE|Regular
2015-04-14|benchmark|59|LIN.DE|Regular
2015-04-15|benchmark|59|LIN.DE|Regular
2015-04-16|benchmark|59|LIN.DE|Regular
2015-04-17|benchmark|59|LIN.DE|Regular
2015-04-18|benchmark|59|LIN.DE|Regular
2015-04-19|benchmark|59|LIN.DE|Regular
2015-04-20|benchmark|59|LIN.DE|Regular
2015-04-21|benchmark|59|LIN.DE|Regular
2015-04-22|benchmark|59|LIN.DE|Regular
2015-04-23|benchmark|204|LXS.DE|Regular
2015-04-24|benchmark|204|LXS.DE|Regular
2015-04-25|benchmark|204|LXS.DE|Regular
2015-04-26|benchmark|204|LXS.DE|Regular
2015-04-27|benchmark|204|LXS.DE|Regular
2015-03-23|benchmark|204|LXS.DE|Regular
2015-03-24|benchmark|204|LXS.DE|Regular
2015-03-25|benchmark|204|LXS.DE|Regular
2015-03-26|benchmark|204|LXS.DE|Regular
2015-03-27|benchmark|204|LXS.DE|Regular
2015-03-28|benchmark|204|LXS.DE|Regular
2015-03-29|benchmark|204|LXS.DE|Regular
2015-03-30|benchmark|204|LXS.DE|Regular
2015-03-31|benchmark|204|LXS.DE|Regular
2015-04-01|benchmark|204|LXS.DE|Regular
2015-04-02|benchmark|204|LXS.DE|Regular
2015-04-03|benchmark|204|LXS.DE|Regular
2015-04-04|benchmark|204|LXS.DE|Regular
2015-04-05|benchmark|204|LXS.DE|Regular
2015-04-06|benchmark|204|LXS.DE|Regular
2015-04-07|benchmark|204|LXS.DE|Regular
2015-04-08|benchmark|204|LXS.DE|Regular
2015-04-09|benchmark|204|LXS.DE|Regular
2015-04-10|benchmark|204|LXS.DE|Regular
2015-04-11|benchmark|204|LXS.DE|Regular
2015-04-12|benchmark|204|LXS.DE|Regular
2015-04-13|benchmark|204|LXS.DE|Regular
2015-04-14|benchmark|204|LXS.DE|Regular
2015-04-15|benchmark|204|LXS.DE|Regular
2015-04-16|benchmark|204|LXS.DE|Regular
2015-04-17|benchmark|204|LXS.DE|Regular
2015-04-18|benchmark|204|LXS.DE|Regular
2015-04-19|benchmark|204|LXS.DE|Regular
2015-04-20|benchmark|204|LXS.DE|Regular
2015-04-21|benchmark|204|LXS.DE|Regular
2015-04-22|benchmark|204|LXS.DE|Regular
2015-04-23|benchmark|107|MRK.DE|Regular
2015-04-24|benchmark|107|MRK.DE|Regular
2015-04-25|benchmark|107|MRK.DE|Regular
2015-04-26|benchmark|107|MRK.DE|Regular
2015-04-27|benchmark|107|MRK.DE|Regular
2015-03-23|benchmark|107|MRK.DE|Regular
2015-03-24|benchmark|107|MRK.DE|Regular
2015-03-25|benchmark|107|MRK.DE|Regular
2015-03-26|benchmark|107|MRK.DE|Regular
2015-03-27|benchmark|107|MRK.DE|Regular
2015-03-28|benchmark|107|MRK.DE|Regular
2015-03-29|benchmark|107|MRK.DE|Regular
2015-03-30|benchmark|107|MRK.DE|Regular
2015-03-31|benchmark|107|MRK.DE|Regular
2015-04-01|benchmark|107|MRK.DE|Regular
2015-04-02|benchmark|107|MRK.DE|Regular
2015-04-03|benchmark|107|MRK.DE|Regular
2015-04-04|benchmark|107|MRK.DE|Regular
2015-04-05|benchmark|107|MRK.DE|Regular
2015-04-06|benchmark|107|MRK.DE|Regular
2015-04-07|benchmark|107|MRK.DE|Regular
2015-04-08|benchmark|107|MRK.DE|Regular
2015-04-09|benchmark|107|MRK.DE|Regular
2015-04-10|benchmark|107|MRK.DE|Regular
2015-04-11|benchmark|107|MRK.DE|Regular
2015-04-12|benchmark|107|MRK.DE|Regular
2015-04-13|benchmark|107|MRK.DE|Regular
2015-04-14|benchmark|107|MRK.DE|Regular
2015-04-15|benchmark|107|MRK.DE|Regular
2015-04-16|benchmark|107|MRK.DE|Regular
2015-04-17|benchmark|107|MRK.DE|Regular
2015-04-18|benchmark|107|MRK.DE|Regular
2015-04-19|benchmark|107|MRK.DE|Regular
2015-04-20|benchmark|107|MRK.DE|Regular
2015-04-21|benchmark|107|MRK.DE|Regular
2015-04-22|benchmark|107|MRK.DE|Regular
2015-04-23|benchmark|60|MUV2.DE|Regular
2015-04-24|benchmark|60|MUV2.DE|Regular
2015-04-25|benchmark|60|MUV2.DE|Regular
2015-04-26|benchmark|60|MUV2.DE|Regular
2015-04-27|benchmark|60|MUV2.DE|Regular
2015-03-23|benchmark|60|MUV2.DE|Regular
2015-03-24|benchmark|60|MUV2.DE|Regular
2015-03-25|benchmark|60|MUV2.DE|Regular
2015-03-26|benchmark|60|MUV2.DE|Regular
2015-03-27|benchmark|60|MUV2.DE|Regular
2015-03-28|benchmark|60|MUV2.DE|Regular
2015-03-29|benchmark|60|MUV2.DE|Regular
2015-03-30|benchmark|60|MUV2.DE|Regular
2015-03-31|benchmark|60|MUV2.DE|Regular
2015-04-01|benchmark|60|MUV2.DE|Regular
2015-04-02|benchmark|60|MUV2.DE|Regular
2015-04-03|benchmark|60|MUV2.DE|Regular
2015-04-04|benchmark|60|MUV2.DE|Regular
2015-04-05|benchmark|60|MUV2.DE|Regular
2015-04-06|benchmark|60|MUV2.DE|Regular
2015-04-07|benchmark|60|MUV2.DE|Regular
2015-04-08|benchmark|60|MUV2.DE|Regular
2015-04-09|benchmark|60|MUV2.DE|Regular
2015-04-10|benchmark|60|MUV2.DE|Regular
2015-04-11|benchmark|60|MUV2.DE|Regular
2015-04-12|benchmark|60|MUV2.DE|Regular
2015-04-13|benchmark|60|MUV2.DE|Regular
2015-04-14|benchmark|60|MUV2.DE|Regular
2015-04-15|benchmark|60|MUV2.DE|Regular
2015-04-16|benchmark|60|MUV2.DE|Regular
2015-04-17|benchmark|60|MUV2.DE|Regular
2015-04-18|benchmark|60|MUV2.DE|Regular
2015-04-19|benchmark|60|MUV2.DE|Regular
2015-04-20|benchmark|60|MUV2.DE|Regular
2015-04-21|benchmark|60|MUV2.DE|Regular
2015-04-22|benchmark|60|MUV2.DE|Regular
2015-04-23|benchmark|500|RWE.DE|Regular
2015-04-24|benchmark|500|RWE.DE|Regular
2015-04-25|benchmark|500|RWE.DE|Regular
2015-04-26|benchmark|500|RWE.DE|Regular
2015-04-27|benchmark|500|RWE.DE|Regular
2015-03-23|benchmark|500|RWE.DE|Regular
2015-03-24|benchmark|500|RWE.DE|Regular
2015-03-25|benchmark|500|RWE.DE|Regular
2015-03-26|benchmark|500|RWE.DE|Regular
2015-03-27|benchmark|500|RWE.DE|Regular
2015-03-28|benchmark|500|RWE.DE|Regular
2015-03-29|benchmark|500|RWE.DE|Regular
2015-03-30|benchmark|500|RWE.DE|Regular
2015-03-31|benchmark|500|RWE.DE|Regular
2015-04-01|benchmark|500|RWE.DE|Regular
2015-04-02|benchmark|500|RWE.DE|Regular
2015-04-03|benchmark|500|RWE.DE|Regular
2015-04-04|benchmark|500|RWE.DE|Regular
2015-04-05|benchmark|500|RWE.DE|Regular
2015-04-06|benchmark|500|RWE.DE|Regular
2015-04-07|benchmark|500|RWE.DE|Regular
2015-04-08|benchmark|500|RWE.DE|Regular
2015-04-09|benchmark|500|RWE.DE|Regular
2015-04-10|benchmark|500|RWE.DE|Regular
2015-04-11|benchmark|500|RWE.DE|Regular
2015-04-12|benchmark|500|RWE.DE|Regular
2015-04-13|benchmark|500|RWE.DE|Regular
2015-04-14|benchmark|500|RWE.DE|Regular
2015-04-15|benchmark|500|RWE.DE|Regular
2015-04-16|benchmark|500|RWE.DE|Regular
2015-04-17|benchmark|500|RWE.DE|Regular
2015-04-18|benchmark|500|RWE.DE|Regular
2015-04-19|benchmark|500|RWE.DE|Regular
2015-04-20|benchmark|500|RWE.DE|Regular
2015-04-21|benchmark|500|RWE.DE|Regular
2015-04-22|benchmark|500|RWE.DE|Regular
2015-04-23|benchmark|151|SAP.DE|Regular
2015-04-24|benchmark|151|SAP.DE|Regular
2015-04-25|benchmark|151|SAP.DE|Regular
2015-04-26|benchmark|151|SAP.DE|Regular
2015-04-27|benchmark|151|SAP.DE|Regular
2015-03-23|benchmark|151|SAP.DE|Regular
2015-03-24|benchmark|151|SAP.DE|Regular
2015-03-25|benchmark|151|SAP.DE|Regular
2015-03-26|benchmark|151|SAP.DE|Regular
2015-03-27|benchmark|151|SAP.DE|Regular
2015-03-28|benchmark|151|SAP.DE|Regular
2015-03-29|benchmark|151|SAP.DE|Regular
2015-03-30|benchmark|151|SAP.DE|Regular
2015-03-31|benchmark|151|SAP.DE|Regular
2015-04-01|benchmark|151|SAP.DE|Regular
2015-04-02|benchmark|151|SAP.DE|Regular
2015-04-03|benchmark|151|SAP.DE|Regular
2015-04-04|benchmark|151|SAP.DE|Regular
2015-04-05|benchmark|151|SAP.DE|Regular
2015-04-06|benchmark|151|SAP.DE|Regular
2015-04-07|benchmark|151|SAP.DE|Regular
2015-04-08|benchmark|151|SAP.DE|Regular
2015-04-09|benchmark|151|SAP.DE|Regular
2015-04-10|benchmark|151|SAP.DE|Regular
2015-04-11|benchmark|151|SAP.DE|Regular
2015-04-12|benchmark|151|SAP.DE|Regular
2015-04-13|benchmark|151|SAP.DE|Regular
2015-04-14|benchmark|151|SAP.DE|Regular
2015-04-15|benchmark|151|SAP.DE|Regular
2015-04-16|benchmark|151|SAP.DE|Regular
2015-04-17|benchmark|151|SAP.DE|Regular
2015-04-18|benchmark|151|SAP.DE|Regular
2015-04-19|benchmark|151|SAP.DE|Regular
2015-04-20|benchmark|151|SAP.DE|Regular
2015-04-21|benchmark|151|SAP.DE|Regular
2015-04-22|benchmark|151|SAP.DE|Regular
2015-04-23|benchmark|357|SDF.DE|Regular
2015-04-24|benchmark|357|SDF.DE|Regular
2015-04-25|benchmark|357|SDF.DE|Regular
2015-04-26|benchmark|357|SDF.DE|Regular
2015-04-27|benchmark|357|SDF.DE|Regular
2015-03-23|benchmark|357|SDF.DE|Regular
2015-03-24|benchmark|357|SDF.DE|Regular
2015-03-25|benchmark|357|SDF.DE|Regular
2015-03-26|benchmark|357|SDF.DE|Regular
2015-03-27|benchmark|357|SDF.DE|Regular
2015-03-28|benchmark|357|SDF.DE|Regular
2015-03-29|benchmark|357|SDF.DE|Regular
2015-03-30|benchmark|357|SDF.DE|Regular
2015-03-31|benchmark|357|SDF.DE|Regular
2015-04-01|benchmark|357|SDF.DE|Regular
2015-04-02|benchmark|357|SDF.DE|Regular
2015-04-03|benchmark|357|SDF.DE|Regular
2015-04-04|benchmark|357|SDF.DE|Regular
2015-04-05|benchmark|357|SDF.DE|Regular
2015-04-06|benchmark|357|SDF.DE|Regular
2015-04-07|benchmark|357|SDF.DE|Regular
2015-04-08|benchmark|357|SDF.DE|Regular
2015-04-09|benchmark|357|SDF.DE|Regular
2015-04-10|benchmark|357|SDF.DE|Regular
2015-04-11|benchmark|357|SDF.DE|Regular
2015-04-12|benchmark|357|SDF.DE|Regular
2015-04-13|benchmark|357|SDF.DE|Regular
2015-04-14|benchmark|357|SDF.DE|Regular
2015-04-15|benchmark|357|SDF.DE|Regular
2015-04-16|benchmark|357|SDF.DE|Regular
2015-04-17|benchmark|357|SDF.DE|Regular
2015-04-18|benchmark|357|SDF.DE|Regular
2015-04-19|benchmark|357|SDF.DE|Regular
2015-04-20|benchmark|357|SDF.DE|Regular
2015-04-21|benchmark|357|SDF.DE|Regular
2015-04-22|benchmark|357|SDF.DE|Regular
2015-04-23|benchmark|105|SIE.DE|Regular
2015-04-24|benchmark|105|SIE.DE|Regular
2015-04-25|benchmark|105|SIE.DE|Regular
2015-04-26|benchmark|105|SIE.DE|Regular
2015-04-27|benchmark|105|SIE.DE|Regular
2015-03-23|benchmark|105|SIE.DE|Regular
2015-03-24|benchmark|105|SIE.DE|Regular
2015-03-25|benchmark|105|SIE.DE|Regular
2015-03-26|benchmark|105|SIE.DE|Regular
2015-03-27|benchmark|105|SIE.DE|Regular
2015-03-28|benchmark|105|SIE.DE|Regular
2015-03-29|benchmark|105|SIE.DE|Regular
2015-03-30|benchmark|105|SIE.DE|Regular
2015-03-31|benchmark|105|SIE.DE|Regular
2015-04-01|benchmark|105|SIE.DE|Regular
2015-04-02|benchmark|105|SIE.DE|Regular
2015-04-03|benchmark|105|SIE.DE|Regular
2015-04-04|benchmark|105|SIE.DE|Regular
2015-04-05|benchmark|105|SIE.DE|Regular
2015-04-06|benchmark|105|SIE.DE|Regular
2015-04-07|benchmark|105|SIE.DE|Regular
2015-04-08|benchmark|105|SIE.DE|Regular
2015-04-09|benchmark|105|SIE.DE|Regular
2015-04-10|benchmark|105|SIE.DE|Regular
2015-04-11|benchmark|105|SIE.DE|Regular
2015-04-12|benchmark|105|SIE.DE|Regular
2015-04-13|benchmark|105|SIE.DE|Regular
2015-04-14|benchmark|105|SIE.DE|Regular
2015-04-15|benchmark|105|SIE.DE|Regular
2015-04-16|benchmark|105|SIE.DE|Regular
2015-04-17|benchmark|105|SIE.DE|Regular
2015-04-18|benchmark|105|SIE.DE|Regular
2015-04-19|benchmark|105|SIE.DE|Regular
2015-04-20|benchmark|105|SIE.DE|Regular
2015-04-21|benchmark|105|SIE.DE|Regular
2015-04-22|benchmark|105|SIE.DE|Regular
2015-04-23|benchmark|416|TKA.DE|Regular
2015-04-24|benchmark|416|TKA.DE|Regular
2015-04-25|benchmark|416|TKA.DE|Regular
2015-04-26|benchmark|416|TKA.DE|Regular
2015-04-27|benchmark|416|TKA.DE|Regular
2015-03-23|benchmark|416|TKA.DE|Regular
2015-03-24|benchmark|416|TKA.DE|Regular
2015-03-25|benchmark|416|TKA.DE|Regular
2015-03-26|benchmark|416|TKA.DE|Regular
2015-03-27|benchmark|416|TKA.DE|Regular
2015-03-28|benchmark|416|TKA.DE|Regular
2015-03-29|benchmark|416|TKA.DE|Regular
2015-03-30|benchmark|416|TKA.DE|Regular
2015-03-31|benchmark|416|TKA.DE|Regular
2015-04-01|benchmark|416|TKA.DE|Regular
2015-04-02|benchmark|416|TKA.DE|Regular
2015-04-03|benchmark|416|TKA.DE|Regular
2015-04-04|benchmark|416|TKA.DE|Regular
2015-04-05|benchmark|416|TKA.DE|Regular
2015-04-06|benchmark|416|TKA.DE|Regular
2015-04-07|benchmark|416|TKA.DE|Regular
2015-04-08|benchmark|416|TKA.DE|Regular
2015-04-09|benchmark|416|TKA.DE|Regular
2015-04-10|benchmark|416|TKA.DE|Regular
2015-04-11|benchmark|416|TKA.DE|Regular
2015-04-12|benchmark|416|TKA.DE|Regular
2015-04-13|benchmark|416|TKA.DE|Regular
2015-04-14|benchmark|416|TKA.DE|Regular
2015-04-15|benchmark|416|TKA.DE|Regular
2015-04-16|benchmark|416|TKA.DE|Regular
2015-04-17|benchmark|416|TKA.DE|Regular
2015-04-18|benchmark|416|TKA.DE|Regular
2015-04-19|benchmark|416|TKA.DE|Regular
2015-04-20|benchmark|416|TKA.DE|Regular
2015-04-21|benchmark|416|TKA.DE|Regular
2015-04-22|benchmark|416|TKA.DE|Regular
2015-04-23|benchmark|46|VOW3.DE|Regular
2015-04-24|benchmark|46|VOW3.DE|Regular
2015-04-25|benchmark|46|VOW3.DE|Regular
2015-04-26|benchmark|46|VOW3.DE|Regular
2015-04-27|benchmark|46|VOW3.DE|Regular
2015-03-23|benchmark|46|VOW3.DE|Regular
2015-03-24|benchmark|46|VOW3.DE|Regular
2015-03-25|benchmark|46|VOW3.DE|Regular
2015-03-26|benchmark|46|VOW3.DE|Regular
2015-03-27|benchmark|46|VOW3.DE|Regular
2015-03-28|benchmark|46|VOW3.DE|Regular
2015-03-29|benchmark|46|VOW3.DE|Regular
2015-03-30|benchmark|46|VOW3.DE|Regular
2015-03-31|benchmark|46|VOW3.DE|Regular
2015-04-01|benchmark|46|VOW3.DE|Regular
2015-04-02|benchmark|46|VOW3.DE|Regular
2015-04-03|benchmark|46|VOW3.DE|Regular
2015-04-04|benchmark|46|VOW3.DE|Regular
2015-04-05|benchmark|46|VOW3.DE|Regular
2015-04-06|benchmark|46|VOW3.DE|Regular
2015-04-07|benchmark|46|VOW3.DE|Regular
2015-04-08|benchmark|46|VOW3.DE|Regular
2015-04-09|benchmark|46|VOW3.DE|Regular
2015-04-10|benchmark|46|VOW3.DE|Regular
2015-04-11|benchmark|46|VOW3.DE|Regular
2015-04-12|benchmark|46|VOW3.DE|Regular
2015-04-13|benchmark|46|VOW3.DE|Regular
2015-04-14|benchmark|46|VOW3.DE|Regular
2015-04-15|benchmark|46|VOW3.DE|Regular
2015-04-16|benchmark|46|VOW3.DE|Regular
2015-04-17|benchmark|46|VOW3.DE|Regular
2015-04-18|benchmark|46|VOW3.DE|Regular
2015-04-19|benchmark|46|VOW3.DE|Regular
2015-04-20|benchmark|46|VOW3.DE|Regular
2015-04-21|benchmark|46|VOW3.DE|Regular
2015-04-22|benchmark|46|VOW3.DE|Regular