2015-04-23|exemple|128|ADS.DE|Regular|
2015-04-24|exemple|128|ADS.DE|Regular|
2015-04-25|exemple|128|ADS.DE|Regular|
2015-04-26|exemple|128|ADS.DE|Regular|
2015-04-27|exemple|128|ADS.DE|Regular|
2015-03-23|exemple|128|ADS.DE|Regular|
2015-03-24|exemple|128|ADS.DE|Regular|
2015-03-25|exemple|128|ADS.DE|Regular|
2015-03-26|exemple|128|ADS.DE|Regular|
2015-03-27|exemple|128|ADS.DE|Regular|
2015-03-28|exemple|128|ADS.DE|Regular|
2015-03-29|exemple|128|ADS.DE|Regular|
2015-03-30|exemple|128|ADS.DE|Regular|
2015-03-31|exemple|128|ADS.DE|Regular|
2015-04-01|exemple|128|ADS.DE|Regular|
2015-04-02|exemple|128|ADS.DE|Regular|
2015-04-03|exemple|128|ADS.DE|Regular|
2015-04-04|exemple|128|ADS.DE|Regular|
2015-04-05|exemple|128|ADS.DE|Regular|
2015-04-06|exemple|128|ADS.DE|Regular|
2015-04-07|exemple|128|ADS.DE|Regular|
2015-04-08|exemple|128|ADS.DE|Regular|
2015-04-09|exemple|128|ADS.DE|Regular|
2015-04-10|exemple|128|ADS.DE|Regular|
2015-04-11|exemple|128|ADS.DE|Regular|
2015-04-12|exemple|128|ADS.DE|Regular|
2015-04-13|exemple|128|ADS.DE|Regular|
2015-04-14|exemple|128|ADS.DE|Regular|
2015-04-15|exemple|128|ADS.DE|Regular|
2015-04-16|exemple|128|ADS.DE|Regular|
2015-04-17|exemple|128|ADS.DE|Regular|
2015-04-18|exemple|128|ADS.DE|Regular|
2015-04-19|exemple|128|ADS.DE|Regular|
2015-04-20|exemple|128|ADS.DE|Regular|
2015-04-21|exemple|128|ADS.DE|Regular|
2015-04-22|exemple|128|ADS.DE|Regular|
2015-04-23|exemple|77|ALV.DE|Regular|
2015-04-24|exemple|77|ALV.DE|Regular|
2015-04-25|exemple|77|ALV.DE|Regular|
2015-04-26|exemple|77|ALV.DE|Regular|
2015-04-27|exemple|77|ALV.DE|Regular|
2015-03-23|exemple|77|ALV.DE|Regular|
2015-03-24|exemple|77|ALV.DE|Regular|
2015-03-25|exemple|77|ALV.DE|Regular|
2015-03-26|exemple|77|ALV.DE|Regular|
2015-03-27|exemple|77|ALV.DE|Regular|
2015-03-28|exemple|77|ALV.DE|Regular|
2015-03-29|exemple|77|ALV.DE|Regular|
2015-03-30|exemple|77|ALV.DE|Regular|
2015-03-31|exemple|77|ALV.DE|Regular|
2015-04-01|exemple|77|ALV.DE|Regular|
2015-04-02|exemple|77|ALV.DE|Regular|
2015-04-03|exemple|77|ALV.DE|Regular|
2015-04-04|exemple|77|ALV.DE|Regular|
2015-04-05|exemple|77|ALV.DE|Regular|
2015-04-06|exemple|77|ALV.DE|Regular|
2015-04-07|exemple|77|ALV.DE|Regular|
2015-04-08|exemple|77|ALV.DE|Regular|
2015-04-09|exemple|77|ALV.DE|Regular|
2015-04-10|exemple|77|ALV.DE|Regular|
2015-04-11|exemple|77|ALV.DE|Regular|
2015-04-12|exemple|77|ALV.DE|Regular|
2015-04-13|exemple|77|ALV.DE|Regular|
2015-04-14|exemple|77|ALV.DE|Regular|
2015-04-15|exemple|77|ALV.DE|Regular|
2015-04-16|exemple|77|ALV.DE|Regular|
2015-04-17|exemple|77|ALV.DE|Regular|
2015-04-18|exemple|77|ALV.DE|Regular|
2015-04-19|exemple|77|ALV.DE|Regular|
2015-04-20|exemple|77|ALV.DE|Regular|
2015-04-21|exemple|77|ALV.DE|Regular|
2015-04-22|exemple|77|ALV.DE|Regular|
2015-04-23|exemple|108|BAS.DE|Regular|
2015-04-24|exemple|108|BAS.DE|Regular|
2015-04-25|exemple|108|BAS.DE|Regular|
2015-04-26|exemple|108|BAS.DE|Regular|
2015-04-27|exemple|108|BAS.DE|Regular|
2015-03-23|exemple|108|BAS.DE|Regular|
2015-03-24|exemple|108|BAS.DE|Regular|
2015-03-25|exemple|108|BAS.DE|Regular|
2015-03-26|exemple|108|BAS.DE|Regular|
2015-03-27|exemple|108|BAS.DE|Regular|
2015-03-28|exemple|108|BAS.DE|Regular|
2015-03-29|exemple|108|BAS.DE|Regular|
2015-03-30|exemple|108|BAS.DE|Regular|
2015-03-31|exemple|108|BAS.DE|Regular|
2015-04-01|exemple|108|BAS.DE|Regular|
2015-04-02|exemple|108|BAS.DE|Regular|
2015-04-03|exemple|108|BAS.DE|Regular|
2015-04-04|exemple|108|BAS.DE|Regular|
2015-04-05|exemple|108|BAS.DE|Regular|
2015-04-06|exemple|108|BAS.DE|Regular|
2015-04-07|exemple|108|BAS.DE|Regular|
2015-04-08|exemple|108|BAS.DE|Regular|
2015-04-09|exemple|108|BAS.DE|Regular|
2015-04-10|exemple|108|BAS.DE|Regular|
2015-04-11|exemple|108|BAS.DE|Regular|
2015-04-12|exemple|108|BAS.DE|Regular|
2015-04-13|exemple|108|BAS.DE|Regular|
2015-04-14|exemple|108|BAS.DE|Regular|
2015-04-15|exemple|108|BAS.DE|Regular|
2015-04-16|exemple|108|BAS.DE|Regular|
2015-04-17|exemple|108|BAS.DE|Regular|
2015-04-18|exemple|108|BAS.DE|Regular|
2015-04-19|exemple|108|BAS.DE|Regular|
2015-04-20|exemple|108|BAS.DE|Regular|
2015-04-21|exemple|108|BAS.DE|Regular|
2015-04-22|exemple|108|BAS.DE|Regular|
2015-04-23|exemple|86|BAYN.DE|Regular|
2015-04-24|exemple|86|BAYN.DE|Regular|
2015-04-25|exemple|86|BAYN.DE|Regular|
2015-04-26|exemple|86|BAYN.DE|Regular|
2015-04-27|exemple|86|BAYN.DE|Regular|
2015-03-23|exemple|86|BAYN.DE|Regular|
2015-03-24|exemple|86|BAYN.DE|Regular|
2015-03-25|exemple|86|BAYN.DE|Regular|
2015-03-26|exemple|86|BAYN.DE|Regular|
2015-03-27|exemple|86|BAYN.DE|Regular|
2015-03-28|exemple|86|BAYN.DE|Regular|
2015-03-29|exemple|86|BAYN.DE|Regular|
2015-03-30|exemple|86|BAYN.DE|Regular|
2015-03-31|exemple|86|BAYN.DE|Regular|
2015-04-01|exemple|86|BAYN.DE|Regular|
2015-04-02|exemple|86|BAYN.DE|Regular|
2015-04-03|exemple|86|BAYN.DE|Regular|
2015-04-04|exemple|86|BAYN.DE|Regular|
2015-04-05|exemple|86|BAYN.DE|Regular|
2015-04-06|exemple|86|BAYN.DE|Regular|
2015-04-07|exemple|86|BAYN.DE|Regular|
2015-04-08|exemple|86|BAYN.DE|Regular|
2015-04-09|exemple|86|BAYN.DE|Regular|
2015-04-10|exemple|86|BAYN.DE|Regular|
2015-04-11|exemple|86|BAYN.DE|Regular|
2015-04-12|exemple|86|BAYN.DE|Regular|
2015-04-13|exemple|86|BAYN.DE|Regular|
2015-04-14|exemple|86|BAYN.DE|Regular|
2015-04-15|exemple|86|BAYN.DE|Regular|
2015-04-16|exemple|86|BAYN.DE|Regular|
2015-04-17|exemple|86|BAYN.DE|Regular|
2015-04-18|exemple|86|BAYN.DE|Regular|
2015-04-19|exemple|86|BAYN.DE|Regular|
2015-04-20|exemple|86|BAYN.DE|Regular|
2015-04-21|exemple|86|BAYN.DE|Regular|
2015-04-22|exemple|86|BAYN.DE|Regular|
2015-04-23|exemple|112|BEI.DE|Regular|
2015-04-24|exemple|112|BEI.DE|Regular|
2015-04-25|exemple|112|BEI.DE|Regular|
2015-04-26|exemple|112|BEI.DE|Regular|
2015-04-27|exemple|112|BEI.DE|Regular|
2015-03-23|exemple|112|BEI.DE|Regular|
2015-03-24|exemple|112|BEI.DE|Regular|
2015-03-25|exemple|112|BEI.DE|Regular|
2015-03-26|exemple|112|BEI.DE|Regular|
2015-03-27|exemple|112|BEI.DE|Regular|
2015-03-28|exemple|112|BEI.DE|Regular|
2015-03-29|exemple|112|BEI.DE|Regular|
2015-03-30|exemple|112|BEI.DE|Regular|
2015-03-31|exemple|112|BEI.DE|Regular|
2015-04-01|exemple|112|BEI.DE|Regular|
2015-04-02|exemple|112|BEI.DE|Regular|
2015-04-03|exemple|112|BEI.DE|Regular|
2015-04-04|exemple|112|BEI.DE|Regular|
2015-04-05|exemple|112|BEI.DE|Regular|
2015-04-06|exemple|112|BEI.DE|Regular|
2015-04-07|exemple|112|BEI.DE|Regular|
2015-04-08|exemple|112|BEI.DE|Regular|
2015-04-09|exemple|112|BEI.DE|Regular|
2015-04-10|exemple|112|BEI.DE|Regular|
2015-04-11|exemple|112|BEI.DE|Regular|
2015-04-12|exemple|112|BEI.DE|Regular|
2015-04-13|exemple|112|BEI.DE|Regular|
2015-04-14|exemple|112|BEI.DE|Regular|
2015-04-15|exemple|112|BEI.DE|Regular|
2015-04-16|exemple|112|BEI.DE|Regular|
2015-04-17|exemple|112|BEI.DE|Regular|
2015-04-18|exemple|112|BEI.DE|Regular|
2015-04-19|exemple|112|BEI.DE|Regular|
2015-04-20|exemple|112|BEI.DE|Regular|
2015-04-21|exemple|112|BEI.DE|Regular|
2015-04-22|exemple|112|BEI.DE|Regular|
2015-04-23|exemple|111|BMW.DE|Regular|
2015-04-24|exemple|111|BMW.DE|Regular|
2015-04-25|exemple|111|BMW.DE|Regular|
2015-04-26|exemple|111|BMW.DE|Regular|
2015-04-27|exemple|111|BMW.DE|Regular|
2015-03-23|exemple|111|BMW.DE|Regular|
2015-03-24|exemple|111|BMW.DE|Regular|
2015-03-25|exemple|111|BMW.DE|Regular|
2015-03-26|exemple|111|BMW.DE|Regular|
2015-03-27|exemple|111|BMW.DE|Regular|
2015-03-28|exemple|111|BMW.DE|Regular|
2015-03-29|exemple|111|BMW.DE|Regular|
2015-03-30|exemple|111|BMW.DE|Regular|
2015-03-31|exemple|111|BMW.DE|Regular|
2015-04-01|exemple|111|BMW.DE|Regular|
2015-04-02|exemple|111|BMW.DE|Regular|
2015-04-03|exemple|111|BMW.DE|Regular|
2015-04-04|exemple|111|BMW.DE|Regular|
2015-04-05|exemple|111|BMW.DE|Regular|
2015-04-06|exemple|111|BMW.DE|Regular|
2015-04-07|exemple|111|BMW.DE|Regular|
2015-04-08|exemple|111|BMW.DE|Regular|
2015-04-09|exemple|111|BMW.DE|Regular|
2015-04-10|exemple|111|BMW.DE|Regular|
2015-04-11|exemple|111|BMW.DE|Regular|
2015-04-12|exemple|111|BMW.DE|Regular|
2015-04-13|exemple|111|BMW.DE|Regular|
2015-04-14|exemple|111|BMW.DE|Regular|
2015-04-15|exemple|111|BMW.DE|Regular|
2015-04-16|exemple|111|BMW.DE|Regular|
2015-04-17|exemple|111|BMW.DE|Regular|
2015-04-18|exemple|111|BMW.DE|Regular|
2015-04-19|exemple|111|BMW.DE|Regular|
2015-04-20|exemple|111|BMW.DE|Regular|
2015-04-21|exemple|111|BMW.DE|Regular|
2015-04-22|exemple|111|BMW.DE|Regular|
2015-04-23|exemple|750|CBK.DE|Regular|
2015-04-24|exemple|750|CBK.DE|Regular|
2015-04-25|exemple|750|CBK.DE|Regular|
2015-04-26|exemple|750|CBK.DE|Regular|
2015-04-27|exemple|750|CBK.DE|Regular|
2015-03-23|exemple|750|CBK.DE|Regular|
2015-03-24|exemple|750|CBK.DE|Regular|
2015-03-25|exemple|750|CBK.DE|Regular|
2015-03-26|exemple|750|CBK.DE|Regular|
2015-03-27|exemple|750|CBK.DE|Regular|
2015-03-28|exemple|750|CBK.DE|Regular|
2015-03-29|exemple|750|CBK.DE|Regular|
2015-03-30|exemple|750|CBK.DE|Regular|
2015-03-31|exemple|750|CBK.DE|Regular|
2015-04-01|exemple|750|CBK.DE|Regular|
2015-04-02|exemple|750|CBK.DE|Regular|
2015-04-03|exemple|750|CBK.DE|Regular|
2015-04-04|exemple|750|CBK.DE|Regular|
2015-04-05|exemple|750|CBK.DE|Regular|
2015-04-06|exemple|750|CBK.DE|Regular|
2015-04-07|exemple|750|CBK.DE|Regular|
2015-04-08|exemple|750|CBK.DE|Regular|
2015-04-09|exemple|750|CBK.DE|Regular|
2015-04-10|exemple|750|CBK.DE|Regular|
2015-04-11|exemple|750|CBK.DE|Regular|
2015-04-12|exemple|750|CBK.DE|Regular|
2015-04-13|exemple|750|CBK.DE|Regular|
2015-04-14|exemple|750|CBK.DE|Regular|
2015-04-15|exemple|750|CBK.DE|Regular|
2015-04-16|exemple|750|CBK.DE|Regular|
2015-04-17|exemple|750|CBK.DE|Regular|
2015-04-18|exemple|750|CBK.DE|Regular|
2015-04-19|exemple|750|CBK.DE|Regular|
2015-04-20|exemple|750|CBK.DE|Regular|
2015-04-21|exemple|750|CBK.DE|Regular|
2015-04-22|exemple|750|CBK.DE|Regular|
2015-04-23|exemple|53|CON.DE|Regular|
2015-04-24|exemple|53|CON.DE|Regular|
2015-04-25|exemple|53|CON.DE|Regular|
2015-04-26|exemple|53|CON.DE|Regular|
2015-04-27|exemple|53|CON.DE|Regular|
2015-03-23|exemple|53|CON.DE|Regular|
2015-03-24|exemple|53|CON.DE|Regular|
2015-03-25|exemple|53|CON.DE|Regular|
2015-03-26|exemple|53|CON.DE|Regular|
2015-03-27|exemple|53|CON.DE|Regular|
2015-03-28|exemple|53|CON.DE|Regular|
2015-03-29|exemple|53|CON.DE|Regular|
2015-03-30|exemple|53|CON.DE|Regular|
2015-03-31|exemple|53|CON.DE|Regular|
2015-04-01|exemple|53|CON.DE|Regular|
2015-04-02|exemple|53|CON.DE|Regular|
2015-04-03|exemple|53|CON.DE|Regular|
2015-04-04|exemple|53|CON.DE|Regular|
2015-04-05|exemple|53|CON.DE|Regular|
2015-04-06|exemple|53|CON.DE|Regular|
2015-04-07|exemple|53|CON.DE|Regular|
2015-04-08|exemple|53|CON.DE|Regular|
2015-04-09|exemple|53|CON.DE|Regular|
2015-04-10|exemple|53|CON.DE|Regular|
2015-04-11|exemple|53|CON.DE|Regular|
2015-04-12|exemple|53|CON.DE|Regular|
2015-04-13|exemple|53|CON.DE|Regular|
2015-04-14|exemple|53|CON.DE|Regular|
2015-04-15|exemple|53|CON.DE|Regular|
2015-04-16|exemple|53|CON.DE|Regular|
2015-04-17|exemple|53|CON.DE|Regular|
2015-04-18|exemple|53|CON.DE|Regular|
2015-04-19|exemple|53|CON.DE|Regular|
2015-04-20|exemple|53|CON.DE|Regular|
2015-04-21|exemple|53|CON.DE|Regular|
2015-04-22|exemple|53|CON.DE|Regular|
2015-04-23|exemple|111|DAI.DE|Regular|
2015-04-24|exemple|111|DAI.DE|Regular|
2015-04-25|exemple|111|DAI.DE|Regular|
2015-04-26|exemple|111|DAI.DE|Regular|
2015-04-27|exemple|111|DAI.DE|Regular|
2015-03-23|exemple|111|DAI.DE|Regular|
2015-03-24|exemple|111|DAI.DE|Regular|
2015-03-25|exemple|111|DAI.DE|Regular|
2015-03-26|exemple|111|DAI.DE|Regular|
2015-03-27|exemple|111|DAI.DE|Regular|
2015-03-28|exemple|111|DAI.DE|Regular|
2015-03-29|exemple|111|DAI.DE|Regular|
2015-03-30|exemple|111|DAI.DE|Regular|
2015-03-31|exemple|111|DAI.DE|Regular|
2015-04-01|exemple|111|DAI.DE|Regular|
2015-04-02|exemple|111|DAI.DE|Regular|
2015-04-03|exemple|111|DAI.DE|Regular|
2015-04-04|exemple|111|DAI.DE|Regular|
2015-04-05|exemple|111|DAI.DE|Regular|
2015-04-06|exemple|111|DAI.DE|Regular|
2015-04-07|exemple|111|DAI.DE|Regular|
2015-04-08|exemple|111|DAI.DE|Regular|
2015-04-09|exemple|111|DAI.DE|Regular|
2015-04-10|exemple|111|DAI.DE|Regular|
2015-04-11|exemple|111|DAI.DE|Regular|
2015-04-12|exemple|111|DAI.DE|Regular|
2015-04-13|exemple|111|DAI.DE|Regular|
2015-04-14|exemple|111|DAI.DE|Regular|
2015-04-15|exemple|111|DAI.DE|Regular|
2015-04-16|exemple|111|DAI.DE|Regular|
2015-04-17|exemple|111|DAI.DE|Regular|
2015-04-18|exemple|111|DAI.DE|Regular|
2015-04-19|exemple|111|DAI.DE|Regular|
2015-04-20|exemple|111|DAI.DE|Regular|
2015-04-21|exemple|111|DAI.DE|Regular|
2015-04-22|exemple|111|DAI.DE|Regular|
2015-04-23|exemple|148|DB1.DE|Regular|
2015-04-24|exemple|148|DB1.DE|Regular|
2015-04-25|exemple|148|DB1.DE|Regular|
2015-04-26|exemple|148|DB1.DE|Regular|
2015-04-27|exemple|148|DB1.DE|Regular|
2015-03-23|exemple|148|DB1.DE|Regular|
2015-03-24|exemple|148|DB1.DE|Regular|
2015-03-25|exemple|148|DB1.DE|Regular|
2015-03-26|exemple|148|DB1.DE|Regular|
2015-03-27|exemple|148|DB1.DE|Regular|
2015-03-28|exemple|148|DB1.DE|Regular|
2015-03-29|exemple|148|DB1.DE|Regular|
2015-03-30|exemple|148|DB1.DE|Regular|
2015-03-31|exemple|148|DB1.DE|Regular|
2015-04-01|exemple|148|DB1.DE|Regular|
2015-04-02|exemple|148|DB1.DE|Regular|
2015-04-03|exemple|148|DB1.DE|Regular|
2015-04-04|exemple|148|DB1.DE|Regular|
2015-04-05|exemple|148|DB1.DE|Regular|
2015-04-06|exemple|148|DB1.DE|Regular|
2015-04-07|exemple|148|DB1.DE|Regular|
2015-04-08|exemple|148|DB1.DE|Regular|
2015-04-09|exemple|148|DB1.DE|Regular|
2015-04-10|exemple|148|DB1.DE|Regular|
2015-04-11|exemple|148|DB1.DE|Regular|
2015-04-12|exemple|148|DB1.DE|Regular|
2015-04-13|exemple|148|DB1.DE|Regular|
2015-04-14|exemple|148|DB1.DE|Regular|
2015-04-15|exemple|148|DB1.DE|Regular|
2015-04-16|exemple|148|DB1.DE|Regular|
2015-04-17|exemple|148|DB1.DE|Regular|
2015-04-18|exemple|148|DB1.DE|Regular|
2015-04-19|exemple|148|DB1.DE|Regular|
2015-04-20|exemple|148|DB1.DE|Regular|
2015-04-21|exemple|148|DB1.DE|Regular|
2015-04-22|exemple|148|DB1.DE|Regular|
2015-04-23|exemple|333|DBK.DE|Regular|
2015-04-24|exemple|333|DBK.DE|Regular|
2015-04-25|exemple|333|DBK.DE|Regular|
2015-04-26|exemple|333|DBK.DE|Regular|
2015-04-27|exemple|333|DBK.DE|Regular|
2015-03-23|exemple|333|DBK.DE|Regular|
2015-03-24|exemple|333|DBK.DE|Regular|
2015-03-25|exemple|333|DBK.DE|Regular|
2015-03-26|exemple|333|DBK.DE|Regular|
2015-03-27|exemple|333|DBK.DE|Regular|
2015-03-28|exemple|333|DBK.DE|Regular|
2015-03-29|exemple|333|DBK.DE|Regular|
2015-03-30|exemple|333|DBK.DE|Regular|
2015-03-31|exemple|333|DBK.DE|Regular|
2015-04-01|exemple|333|DBK.DE|Regular|
2015-04-02|exemple|333|DBK.DE|Regular|
2015-04-03|exemple|333|DBK.DE|Regular|
2015-04-04|exemple|333|DBK.DE|Regular|
2015-04-05|exemple|333|DBK.DE|Regular|
2015-04-06|exemple|333|DBK.DE|Regular|
2015-04-07|exemple|333|DBK.DE|Regular|
2015-04-08|exemple|333|DBK.DE|Regular|
2015-04-09|exemple|333|DBK.DE|Regular|
2015-04-10|exemple|333|DBK.DE|Regular|
2015-04-11|exemple|333|DBK.DE|Regular|
2015-04-12|exemple|333|DBK.DE|Regular|
2015-04-13|exemple|333|DBK.DE|Regular|
2015-04-14|exemple|333|DBK.DE|Regular|
2015-04-15|exemple|333|DBK.DE|Regular|
2015-04-16|exemple|333|DBK.DE|Regular|
2015-04-17|exemple|333|DBK.DE|Regular|
2015-04-18|exemple|333|DBK.DE|Regular|
2015-04-19|exemple|333|DBK.DE|Regular|
2015-04-20|exemple|333|DBK.DE|Regular|
2015-04-21|exemple|333|DBK.DE|Regular|
2015-04-22|exemple|333|DBK.DE|Regular|
2015-04-23|exemple|423|DPW.DE|Regular|
2015-04-24|exemple|423|DPW.DE|Regular|
2015-04-25|exemple|423|DPW.DE|Regular|
2015-04-26|exemple|423|DPW.DE|Regular|
2015-04-27|exemple|423|DPW.DE|Regular|
2015-03-23|exemple|423|DPW.DE|Regular|
2015-03-24|exemple|423|DPW.DE|Regular|
2015-03-25|exemple|423|DPW.DE|Regular|
2015-03-26|exemple|423|DPW.DE|Regular|
2015-03-27|exemple|423|DPW.DE|Regular|
2015-03-28|exemple|423|DPW.DE|Regular|
2015-03-29|exemple|423|DPW.DE|Regular|
2015-03-30|exemple|423|DPW.DE|Regular|
2015-03-31|exemple|423|DPW.DE|Regular|
2015-04-01|exemple|423|DPW.DE|Regular|
2015-04-02|exemple|423|DPW.DE|Regular|
2015-04-03|exemple|423|DPW.DE|Regular|
2015-04-04|exemple|423|DPW.DE|Regular|
2015-04-05|exemple|423|DPW.DE|Regular|
2015-04-06|exemple|423|DPW.DE|Regular|
2015-04-07|exemple|423|DPW.DE|Regular|
2015-04-08|exemple|423|DPW.DE|Regular|
2015-04-09|exemple|423|DPW.DE|Regular|
2015-04-10|exemple|423|DPW.DE|Regular|
2015-04-11|exemple|423|DPW.DE|Regular|
2015-04-12|exemple|423|DPW.DE|Regular|
2015-04-13|exemple|423|DPW.DE|Regular|
2015-04-14|exemple|423|DPW.DE|Regular|
2015-04-15|exemple|423|DPW.DE|Regular|
2015-04-16|exemple|423|DPW.DE|Regular|
2015-04-17|exemple|423|DPW.DE|Regular|
2015-04-18|exemple|423|DPW.DE|Regular|
2015-04-19|exemple|423|DPW.DE|Regular|
2015-04-20|exemple|423|DPW.DE|Regular|
2015-04-21|exemple|423|DPW.DE|Regular|
2015-04-22|exemple|423|DPW.DE|Regular|
2015-04-23|exemple|600|DTE.DE|Regular|
2015-04-24|exemple|600|DTE.DE|Regular|
2015-04-25|exemple|600|DTE.DE|Regular|
2015-04-26|exemple|600|DTE.DE|Regular|
2015-04-27|exemple|600|DTE.DE|Regular|
2015-03-23|exemple|600|DTE.DE|Regular|
2015-03-24|exemple|600|DTE.DE|Regular|
2015-03-25|exemple|600|DTE.DE|Regular|
2015-03-26|exemple|600|DTE.DE|Regular|
2015-03-27|exemple|600|DTE.DE|Regular|
2015-03-28|exemple|600|DTE.DE|Regular|
2015-03-29|exemple|600|DTE.DE|Regular|
2015-03-30|exemple|600|DTE.DE|Regular|
2015-03-31|exemple|600|DTE.DE|Regular|
2015-04-01|exemple|600|DTE.DE|Regular|
2015-04-02|exemple|600|DTE.DE|Regular|
2015-04-03|exemple|600|DTE.DE|Regular|
2015-04-04|exemple|600|DTE.DE|Regular|
2015-04-05|exemple|600|DTE.DE|Regular|
2015-04-06|exemple|600|DTE.DE|Regular|
2015-04-07|exemple|600|DTE.DE|Regular|
2015-04-08|exemple|600|DTE.DE|Regular|
2015-04-09|exemple|600|DTE.DE|Regular|
2015-04-10|exemple|600|DTE.DE|Regular|
2015-04-11|exemple|600|DTE.DE|Regular|
2015-04-12|exemple|600|DTE.DE|Regular|
2015-04-13|exemple|600|DTE.DE|Regular|
2015-04-14|exemple|600|DTE.DE|Regular|
2015-04-15|exemple|600|DTE.DE|Regular|
2015-04-16|exemple|600|DTE.DE|Regular|
2015-04-17|exemple|600|DTE.DE|Regular|
2015-04-18|exemple|600|DTE.DE|Regular|
2015-04-19|exemple|600|DTE.DE|Regular|
2015-04-20|exemple|600|DTE.DE|Regular|
2015-04-21|exemple|600|DTE.DE|Regular|
2015-04-22|exemple|600|DTE.DE|Regular|
2015-04-23|exemple|846|EOAN.DE|Regular|
2015-04-24|exemple|846|EOAN.DE|Regular|
2015-04-25|exemple|846|EOAN.DE|Regular|
2015-04-26|exemple|846|EOAN.DE|Regular|
2015-04-27|exemple|846|EOAN.DE|Regular|
2015-03-23|exemple|846|EOAN.DE|Regular|
2015-03-24|exemple|846|EOAN.DE|Regular|
2015-03-25|exemple|846|EOAN.DE|Regular|
2015-03-26|exemple|846|EOAN.DE|Regular|
2015-03-27|exemple|846|EOAN.DE|Regular|
2015-03-28|exemple|846|EOAN.DE|Regular|
2015-03-29|exemple|846|EOAN.DE|Regular|
2015-03-30|exemple|846|EOAN.DE|Regular|
2015-03-31|exemple|846|EOAN.DE|Regular|
2015-04-01|exemple|846|EOAN.DE|Regular|
2015-04-02|exemple|846|EOAN.DE|Regular|
2015-04-03|exemple|846|EOAN.DE|Regular|
2015-04-04|exemple|846|EOAN.DE|Regular|
2015-04-05|exemple|846|EOAN.DE|Regular|
2015-04-06|exemple|846|EOAN.DE|Regular|
2015-04-07|exemple|846|EOAN.DE|Regular|
2015-04-08|exemple|846|EOAN.DE|Regular|
2015-04-09|exemple|846|EOAN.DE|Regular|
2015-04-10|exemple|846|EOAN.DE|Regular|
2015-04-11|exemple|846|EOAN.DE|Regular|
2015-04-12|exemple|846|EOAN.DE|Regular|
2015-04-13|exemple|846|EOAN.DE|Regular|
2015-04-14|exemple|846|EOAN.DE|Regular|
2015-04-15|exemple|846|EOAN.DE|Regular|
2015-04-16|exemple|846|EOAN.DE|Regular|
2015-04-17|exemple|846|EOAN.DE|Regular|
2015-04-18|exemple|846|EOAN.DE|Regular|
2015-04-19|exemple|846|EOAN.DE|Regular|
2015-04-20|exemple|846|EOAN.DE|Regular|
2015-04-21|exemple|846|EOAN.DE|Regular|
2015-04-22|exemple|846|EOAN.DE|Regular|
2015-04-23|exemple|116|FME.DE|Regular|
2015-04-24|exemple|116|FME.DE|Regular|
2015-04-25|exemple|116|FME.DE|Regular|
2015-04-26|exemple|116|FME.DE|Regular|
2015-04-27|exemple|116|FME.DE|Regular|
2015-03-23|exemple|116|FME.DE|Regular|
2015-03-24|exemple|116|FME.DE|Regular|
2015-03-25|exemple|116|FME.DE|Regular|
2015-03-26|exemple|116|FME.DE|Regular|
2015-03-27|exemple|116|FME.DE|Regular|
2015-03-28|exemple|116|FME.DE|Regular|
2015-03-29|exemple|116|FME.DE|Regular|
2015-03-30|exemple|116|FME.DE|Regular|
2015-03-31|exemple|116|FME.DE|Regular|
2015-04-01|exemple|116|FME.DE|Regular|
2015-04-02|exemple|116|FME.DE|Regular|
2015-04-03|exemple|116|FME.DE|Regular|
2015-04-04|exemple|116|FME.DE|Regular|
2015-04-05|exemple|116|FME.DE|Regular|
2015-04-06|exemple|116|FME.DE|Regular|
2015-04-07|exemple|116|FME.DE|Regular|
2015-04-08|exemple|116|FME.DE|Regular|
2015-04-09|exemple|116|FME.DE|Regular|
2015-04-10|exemple|116|FME.DE|Regular|
2015-04-11|exemple|116|FME.DE|Regular|
2015-04-12|exemple|116|FME.DE|Regular|
2015-04-13|exemple|116|FME.DE|Regular|
2015-04-14|exemple|116|FME.DE|Regular|
2015-04-15|exemple|116|FME.DE|Regular|
2015-04-16|exemple|116|FME.DE|Regular|
2015-04-17|exemple|116|FME.DE|Regular|
2015-04-18|exemple|116|FME.DE|Regular|
2015-04-19|exemple|116|FME.DE|Regular|
2015-04-20|exemple|116|FME.DE|Regular|
2015-04-21|exemple|116|FME.DE|Regular|
2015-04-22|exemple|116|FME.DE|Regular|
2015-04-23|exemple|196|FRE.DE|Regular|
2015-04-24|exemple|196|FRE.DE|Regular|
2015-04-25|exemple|196|FRE.DE|Regular|
2015-04-26|exemple|196|FRE.DE|Regular|
2015-04-27|exemple|196|FRE.DE|Regular|
2015-03-23|exemple|196|FRE.DE|Regular|
2015-03-24|exemple|196|FRE.DE|Regular|
2015-03-25|exemple|196|FRE.DE|Regular|
2015-03-26|exemple|196|FRE.DE|Regular|
2015-03-27|exemple|196|FRE.DE|Regular|
2015-03-28|exemple|196|FRE.DE|Regular|
2015-03-29|exemple|196|FRE.DE|Regular|
2015-03-30|exemple|196|FRE.DE|Regular|
2015-03-31|exemple|196|FRE.DE|Regular|
2015-04-01|exemple|196|FRE.DE|Regular|
2015-04-02|exemple|196|FRE.DE|Regular|
2015-04-03|exemple|196|FRE.DE|Regular|
2015-04-04|exemple|196|FRE.DE|Regular|
2015-04-05|exemple|196|FRE.DE|Regular|
2015-04-06|exemple|196|FRE.DE|Regular|
2015-04-07|exemple|196|FRE.DE|Regular|
2015-04-08|exemple|196|FRE.DE|Regular|
2015-04-09|exemple|196|FRE.DE|Regular|
2015-04-10|exemple|196|FRE.DE|Regular|
2015-04-11|exemple|196|FRE.DE|Regular|
2015-04-12|exemple|196|FRE.DE|Regular|
2015-04-13|exemple|196|FRE.DE|Regular|
2015-04-14|exemple|196|FRE.DE|Regular|
2015-04-15|exemple|196|FRE.DE|Regular|
2015-04-16|exemple|196|FRE.DE|Regular|
2015-04-17|exemple|196|FRE.DE|Regular|
2015-04-18|exemple|196|FRE.DE|Regular|
2015-04-19|exemple|196|FRE.DE|Regular|
2015-04-20|exemple|196|FRE.DE|Regular|
2015-04-21|exemple|196|FRE.DE|Regular|
2015-04-22|exemple|196|FRE.DE|Regular|
2015-04-23|exemple|125|HEI.DE|Regular|
2015-04-24|exemple|125|HEI.DE|Regular|
2015-04-25|exemple|125|HEI.DE|Regular|
2015-04-26|exemple|125|HEI.DE|Regular|
2015-04-27|exemple|125|HEI.DE|Regular|
2015-03-23|exemple|125|HEI.DE|Regular|
2015-03-24|exemple|125|HEI.DE|Regular|
2015-03-25|exemple|125|HEI.DE|Regular|
2015-03-26|exemple|125|HEI.DE|Regular|
2015-03-27|exemple|125|HEI.DE|Regular|
2015-03-28|exemple|125|HEI.DE|Regular|
2015-03-29|exemple|125|HEI.DE|Regular|
2015-03-30|exemple|125|HEI.DE|Regular|
2015-03-31|exemple|125|HEI.DE|Regular|
2015-04-01|exemple|125|HEI.DE|Regular|
2015-04-02|exemple|125|HEI.DE|Regular|
2015-04-03|exemple|125|HEI.DE|Regular|
2015-04-04|exemple|125|HEI.DE|Regular|
2015-04-05|exemple|125|HEI.DE|Regular|
2015-04-06|exemple|125|HEI.DE|Regular|
2015-04-07|exemple|125|HEI.DE|Regular|
2015-04-08|exemple|125|HEI.DE|Regular|
2015-04-09|exemple|125|HEI.DE|Regular|
2015-04-10|exemple|125|HEI.DE|Regular|
2015-04-11|exemple|125|HEI.DE|Regular|
2015-04-12|exemple|125|HEI.DE|Regular|
2015-04-13|exemple|125|HEI.DE|Regular|
2015-04-14|exemple|125|HEI.DE|Regular|
2015-04-15|exemple|125|HEI.DE|Regular|
2015-04-16|exemple|125|HEI.DE|Regular|
2015-04-17|exemple|125|HEI.DE|Regular|
2015-04-18|exemple|125|HEI.DE|Regular|
2015-04-19|exemple|125|HEI.DE|Regular|
2015-04-20|exemple|125|HEI.DE|Regular|
2015-04-21|exemple|125|HEI.DE|Regular|
2015-04-22|exemple|125|HEI.DE|Regular|
2015-04-23|exemple|102|HEN3.DE|Regular|
2015-04-24|exemple|102|HEN3.DE|Regular|
2015-04-25|exemple|102|HEN3.DE|Regular|
2015-04-26|exemple|102|HEN3.DE|Regular|
2015-04-27|exemple|102|HEN3.DE|Regular|
2015-03-23|exemple|102|HEN3.DE|Regular|
2015-03-24|exemple|102|HEN3.DE|Regular|
2015-03-25|exemple|102|HEN3.DE|Regular|
2015-03-26|exemple|102|HEN3.DE|Regular|
2015-03-27|exemple|102|HEN3.DE|Regular|
2015-03-28|exemple|102|HEN3.DE|Regular|
2015-03-29|exemple|102|HEN3.DE|Regular|
2015-03-30|exemple|102|HEN3.DE|Regular|
2015-03-31|exemple|102|HEN3.DE|Regular|
2015-04-01|exemple|102|HEN3.DE|Regular|
2015-04-02|exemple|102|HEN3.DE|Regular|
2015-04-03|exemple|102|HEN3.DE|Regular|
2015-04-04|exemple|102|HEN3.DE|Regular|
2015-04-05|exemple|102|HEN3.DE|Regular|
2015-04-06|exemple|102|HEN3.DE|Regular|
2015-04-07|exemple|102|HEN3.DE|Regular|
2015-04-08|exemple|102|HEN3.DE|Regular|
2015-04-09|exemple|102|HEN3.DE|Regular|
2015-04-10|exemple|102|HEN3.DE|Regular|
2015-04-11|exemple|102|HEN3.DE|Regular|
2015-04-12|exemple|102|HEN3.DE|Regular|
2015-04-13|exemple|102|HEN3.DE|Regular|
2015-04-14|exemple|102|HEN3.DE|Regular|
2015-04-15|exemple|102|HEN3.DE|Regular|
2015-04-16|exemple|102|HEN3.DE|Regular|
2015-04-17|exemple|102|HEN3.DE|Regular|
2015-04-18|exemple|102|HEN3.DE|Regular|
2015-04-19|exemple|102|HEN3.DE|Regular|
2015-04-20|exemple|102|HEN3.DE|Regular|
2015-04-21|exemple|102|HEN3.DE|Regular|
2015-04-22|exemple|102|HEN3.DE|Regular|
2015-04-23|exemple|818|IFX.DE|Regular|
2015-04-24|exemple|818|IFX.DE|Regular|
2015-04-25|exemple|818|IFX.DE|Regular|
2015-04-26|exemple|818|IFX.DE|Regular|
2015-04-27|exemple|818|IFX.DE|Regular|
2015-03-23|exemple|818|IFX.DE|Regular|
2015-03-24|exemple|818|IFX.DE|Regular|
2015-03-25|exemple|818|IFX.DE|Regular|
2015-03-26|exemple|818|IFX.DE|Regular|
2015-03-27|exemple|818|IFX.DE|Regular|
2015-03-28|exemple|818|IFX.DE|Regular|
2015-03-29|exemple|818|IFX.DE|Regular|
2015-03-30|exemple|818|IFX.DE|Regular|
2015-03-31|exemple|818|IFX.DE|Regular|
2015-04-01|exemple|818|IFX.DE|Regular|
2015-04-02|exemple|818|IFX.DE|Regular|
2015-04-03|exemple|818|IFX.DE|Regular|
2015-04-04|exemple|818|IFX.DE|Regular|
2015-04-05|exemple|818|IFX.DE|Regular|
2015-04-06|exemple|818|IFX.DE|Regular|
2015-04-07|exemple|818|IFX.DE|Regular|
2015-04-08|exemple|818|IFX.DE|Regular|
2015-04-09|exemple|818|IFX.DE|Regular|
2015-04-10|exemple|818|IFX.DE|Regular|
2015-04-11|exemple|818|IFX.DE|Regular|
2015-04-12|exemple|818|IFX.DE|Regular|
2015-04-13|exemple|818|IFX.DE|Regular|
2015-04-14|exemple|818|IFX.DE|Regular|
2015-04-15|exemple|818|IFX.DE|Regular|
2015-04-16|exemple|818|IFX.DE|Regular|
2015-04-17|exemple|818|IFX.DE|Regular|
2015-04-18|exemple|818|IFX.DE|Regular|
2015-04-19|exemple|818|IFX.DE|Regular|
2015-04-20|exemple|818|IFX.DE|Regular|
2015-04-21|exemple|818|IFX.DE|Regular|
2015-04-22|exemple|818|IFX.DE|Regular|
2015-04-23|exemple|916|LHA.DE|Regular|
2015-04-24|exemple|916|LHA.DE|Regular|
2015-04-25|exemple|916|LHA.DE|Regular|
2015-04-26|exemple|916|LHA.DE|Regular|
2015-04-27|exemple|916|LHA.DE|Regular|
2015-03-23|exemple|916|LHA.DE|Regular|
2015-03-24|exemple|916|LHA.DE|Regular|
2015-03-25|exemple|916|LHA.DE|Regular|
2015-03-26|exemple|916|LHA.DE|Regular|
2015-03-27|exemple|916|LHA.DE|Regular|
2015-03-28|exemple|916|LHA.DE|Regular|
2015-03-29|exemple|916|LHA.DE|Regular|
2015-03-30|exemple|916|LHA.DE|Regular|
2015-03-31|exemple|916|LHA.DE|Regular|
2015-04-01|exemple|916|LHA.DE|Regular|
2015-04-02|exemple|916|LHA.DE|Regular|
2015-04-03|exemple|916|LHA.DE|Regular|
2015-04-04|exemple|916|LHA.DE|Regular|
2015-04-05|exemple|916|LHA.DE|Regular|
2015-04-06|exemple|916|LHA.DE|Regular|
2015-04-07|exemple|916|LHA.DE|Regular|
2015-04-08|exemple|916|LHA.DE|Regular|
2015-04-09|exemple|916|LHA.DE|Regular|
2015-04-10|exemple|916|LHA.DE|Regular|
2015-04-11|exemple|916|LHA.DE|Regular|
2015-04-12|exemple|916|LHA.DE|Regular|
2015-04-13|exemple|916|LHA.DE|Regular|
2015-04-14|exemple|916|LHA.DE|Regular|
2015-04-15|exemple|916|LHA.DE|Regular|
2015-04-16|exemple|916|LHA.DE|Regular|
2015-04-17|exemple|916|LHA.DE|Regular|
2015-04-18|exemple|916|LHA.DE|Regular|
2015-04-19|exemple|916|LHA.DE|Regular|
2015-04-20|exemple|916|LHA.DE|Regular|
2015-04-21|exemple|916|LHA.DE|Regular|
2015-04-22|exemple|916|LHA.DE|Regular|
2015-04-23|exemple|53|LIN.DE|Regular|
2015-04-24|exemple|53|LIN.DE|Regular|
2015-04-25|exemple|53|LIN.DE|Regular|
2015-04-26|exemple|53|LIN.DE|Regular|
2015-04-27|exemple|53|LIN.DE|Regular|
2015-03-23|exemple|53|LIN.DE|Regular|
2015-03-24|exemple|53|LIN.DE|Regular|
2015-03-25|exemple|53|LIN.DE|Regular|
2015-03-26|exemple|53|LIN.DE|Regular|
2015-03-27|exemple|53|LIN.DE|Regular|
2015-03-28|exemple|53|LIN.DE|Regular|
2015-03-29|exemple|53|LIN.DE|Regular|
2015-03-30|exemple|53|LIN.DE|Regular|
2015-03-31|exemple|53|LIN.DE|Regular|
2015-04-01|exemple|53|LIN.DE|Regular|
2015-04-02|exemple|53|LIN.DE|Regular|
2015-04-03|exemple|53|LIN.DE|Regular|
2015-04-04|exemple|53|LIN.DE|Regular|
2015-04-05|exemple|53|LIN.DE|Regular|
2015-04-06|exemple|53|LIN.DE|Regular|
2015-04-07|exemple|53|LIN.DE|Regular|
2015-04-08|exemple|53|LIN.DE|Regular|
2015-04-09|exemple|53|LIN.DE|Regular|
2015-04-10|exemple|53|LIN.DE|Regular|
2015-04-11|exemple|53|LIN.DE|Regular|
2015-04-12|exemple|53|LIN.DE|Regular|
2015-04-13|exemple|53|LIN.DE|Regular|
2015-04-14|exemple|53|LIN.DE|Regular|
2015-04-15|exemple|53|LIN.DE|Regular|
2015-04-16|exemple|53|LIN.DE|Regular|
2015-04-17|exemple|53|LIN.DE|Regular|
2015-04-18|exemple|53|LIN.DE|Regular|
2015-04-19|exemple|53|LIN.DE|Regular|
2015-04-20|exemple|53|LIN.DE|Regular|
2015-04-21|exemple|53|LIN.DE|Regular|
2015-04-22|exemple|53|LIN.DE|Regular|
2015-04-23|exemple|224|LXS.DE|Regular|
2015-04-24|exemple|224|LXS.DE|Regular|
2015-04-25|exemple|224|LXS.DE|Regular|
2015-04-26|exemple|224|LXS.DE|Regular|
2015-04-27|exemple|224|LXS.DE|Regular|
2015-03-23|exemple|224|LXS.DE|Regular|
2015-03-24|exemple|224|LXS.DE|Regular|
2015-03-25|exemple|224|LXS.DE|Regular|
2015-03-26|exemple|224|LXS.DE|Regular|
2015-03-27|exemple|224|LXS.DE|Regular|
2015-03-28|exemple|224|LXS.DE|Regular|
2015-03-29|exemple|224|LXS.DE|Regular|
2015-03-30|exemple|224|LXS.DE|Regular|
2015-03-31|exemple|224|LXS.DE|Regular|
2015-04-01|exemple|224|LXS.DE|Regular|
2015-04-02|exemple|224|LXS.DE|Regular|
2015-04-03|exemple|224|LXS.DE|Regular|
2015-04-04|exemple|224|LXS.DE|Regular|
2015-04-05|exemple|224|LXS.DE|Regular|
2015-04-06|exemple|224|LXS.DE|Regular|
2015-04-07|exemple|224|LXS.DE|Regular|
2015-04-08|exemple|224|LXS.DE|Regular|
2015-04-09|exemple|224|LXS.DE|Regular|
2015-04-10|exemple|224|LXS.DE|Regular|
2015-04-11|exemple|224|LXS.DE|Regular|
2015-04-12|exemple|224|LXS.DE|Regular|
2015-04-13|exemple|224|LXS.DE|Regular|
2015-04-14|exemple|224|LXS.DE|Regular|
2015-04-15|exemple|224|LXS.DE|Regular|
2015-04-16|exemple|224|LXS.DE|Regular|
2015-04-17|exemple|224|LXS.DE|Regular|
2015-04-18|exemple|224|LXS.DE|Regular|
2015-04-19|exemple|224|LXS.DE|Regular|
2015-04-20|exemple|224|LXS.DE|Regular|
2015-04-21|exemple|224|LXS.DE|Regular|
2015-04-22|exemple|224|LXS.DE|Regular|
2015-04-23|exemple|96|MRK.DE|Regular|
2015-04-24|exemple|96|MRK.DE|Regular|
2015-04-25|exemple|96|MRK.DE|Regular|
2015-04-26|exemple|96|MRK.DE|Regular|
2015-04-27|exemple|96|MRK.DE|Regular|
2015-03-23|exemple|96|MRK.DE|Regular|
2015-03-24|exemple|96|MRK.DE|Regular|
2015-03-25|exemple|96|MRK.DE|Regular|
2015-03-26|exemple|96|MRK.DE|Regular|
2015-03-27|exemple|96|MRK.DE|Regular|
2015-03-28|exemple|96|MRK.DE|Regular|
2015-03-29|exemple|96|MRK.DE|Regular|
2015-03-30|exemple|96|MRK.DE|Regular|
2015-03-31|exemple|96|MRK.DE|Regular|
2015-04-01|exemple|96|MRK.DE|Regular|
2015-04-02|exemple|96|MRK.DE|Regular|
2015-04-03|exemple|96|MRK.DE|Regular|
2015-04-04|exemple|96|MRK.DE|Regular|
2015-04-05|exemple|96|MRK.DE|Regular|
2015-04-06|exemple|96|MRK.DE|Regular|
2015-04-07|exemple|96|MRK.DE|Regular|
2015-04-08|exemple|96|MRK.DE|Regular|
2015-04-09|exemple|96|MRK.DE|Regular|
2015-04-10|exemple|96|MRK.DE|Regular|
2015-04-11|exemple|96|MRK.DE|Regular|
2015-04-12|exemple|96|MRK.DE|Regular|
2015-04-13|exemple|96|MRK.DE|Regular|
2015-04-14|exemple|96|MRK.DE|Regular|
2015-04-15|exemple|96|MRK.DE|Regular|
2015-04-16|exemple|96|MRK.DE|Regular|
2015-04-17|exemple|96|MRK.DE|Regular|
2015-04-18|exemple|96|MRK.DE|Regular|
2015-04-19|exemple|96|MRK.DE|Regular|
2015-04-20|exemple|96|MRK.DE|Regular|
2015-04-21|exemple|96|MRK.DE|Regular|
2015-04-22|exemple|96|MRK.DE|Regular|
2015-04-23|exemple|66|MUV2.DE|Regular|
2015-04-24|exemple|66|MUV2.DE|Regular|
2015-04-25|exemple|66|MUV2.DE|Regular|
2015-04-26|exemple|66|MUV2.DE|Regular|
2015-04-27|exemple|66|MUV2.DE|Regular|
2015-03-23|exemple|66|MUV2.DE|Regular|
2015-03-24|exemple|66|MUV2.DE|Regular|
2015-03-25|exemple|66|MUV2.DE|Regular|
2015-03-26|exemple|66|MUV2.DE|Regular|
2015-03-27|exemple|66|MUV2.DE|Regular|
2015-03-28|exemple|66|MUV2.DE|Regular|
2015-03-29|exemple|66|MUV2.DE|Regular|
2015-03-30|exemple|66|MUV2.DE|Regular|
2015-03-31|exemple|66|MUV2.DE|Regular|
2015-04-01|exemple|66|MUV2.DE|Regular|
2015-04-02|exemple|66|MUV2.DE|Regular|
2015-04-03|exemple|66|MUV2.DE|Regular|
2015-04-04|exemple|66|MUV2.DE|Regular|
2015-04-05|exemple|66|MUV2.DE|Regular|
2015-04-06|exemple|66|MUV2.DE|Regular|
2015-04-07|exemple|66|MUV2.DE|Regular|
2015-04-08|exemple|66|MUV2.DE|Regular|
2015-04-09|exemple|66|MUV2.DE|Regular|
2015-04-10|exemple|66|MUV2.DE|Regular|
2015-04-11|exemple|66|MUV2.DE|Regular|
2015-04-12|exemple|66|MUV2.DE|Regular|
2015-04-13|exemple|66|MUV2.DE|Regular|
2015-04-14|exemple|66|MUV2.DE|Regular|
2015-04-15|exemple|66|MUV2.DE|Regular|
2015-04-16|exemple|66|MUV2.DE|Regular|
2015-04-17|exemple|66|MUV2.DE|Regular|
2015-04-18|exemple|66|MUV2.DE|Regular|
2015-04-19|exemple|66|MUV2.DE|Regular|
2015-04-20|exemple|66|MUV2.DE|Regular|
2015-04-21|exemple|66|MUV2.DE|Regular|
2015-04-22|exemple|66|MUV2.DE|Regular|
2015-04-23|exemple|450|RWE.DE|Regular|
2015-04-24|exemple|450|RWE.DE|Regular|
2015-04-25|exemple|450|RWE.DE|Regular|
2015-04-26|exemple|450|RWE.DE|Regular|
2015-04-27|exemple|450|RWE.DE|Regular|
2015-03-23|exemple|450|RWE.DE|Regular|
2015-03-24|exemple|450|RWE.DE|Regular|
2015-03-25|exemple|450|RWE.DE|Regular|
2015-03-26|exemple|450|RWE.DE|Regular|
2015-03-27|exemple|450|RWE.DE|Regular|
2015-03-28|exemple|450|RWE.DE|Regular|
2015-03-29|exemple|450|RWE.DE|Regular|
2015-03-30|exemple|450|RWE.DE|Regular|
2015-03-31|exemple|450|RWE.DE|Regular|
2015-04-01|exemple|450|RWE.DE|Regular|
2015-04-02|exemple|450|RWE.DE|Regular|
2015-04-03|exemple|450|RWE.DE|Regular|
2015-04-04|exemple|450|RWE.DE|Regular|
2015-04-05|exemple|450|RWE.DE|Regular|
2015-04-06|exemple|450|RWE.DE|Regular|
2015-04-07|exemple|450|RWE.DE|Regular|
2015-04-08|exemple|450|RWE.DE|Regular|
2015-04-09|exemple|450|RWE.DE|Regular|
2015-04-10|exemple|450|RWE.DE|Regular|
2015-04-11|exemple|450|RWE.DE|Regular|
2015-04-12|exemple|450|RWE.DE|Regular|
2015-04-13|exemple|450|RWE.DE|Regular|
2015-04-14|exemple|450|RWE.DE|Regular|
2015-04-15|exemple|450|RWE.DE|Regular|
2015-04-16|exemple|450|RWE.DE|Regular|
2015-04-17|exemple|450|RWE.DE|Regular|
2015-04-18|exemple|450|RWE.DE|Regular|
2015-04-19|exemple|450|RWE.DE|Regular|
2015-04-20|exemple|450|RWE.DE|Regular|
2015-04-21|exemple|450|RWE.DE|Regular|
2015-04-22|exemple|450|RWE.DE|Regular|
2015-04-23|exemple|166|SAP.DE|Regular|
2015-04-24|exemple|166|SAP.DE|Regular|
2015-04-25|exemple|166|SAP.DE|Regular|
2015-04-26|exemple|166|SAP.DE|Regular|
2015-04-27|exemple|166|SAP.DE|Regular|
2015-03-23|exemple|166|SAP.DE|Regular|
2015-03-24|exemple|166|SAP.DE|Regular|
2015-03-25|exemple|166|SAP.DE|Regular|
2015-03-26|exemple|166|SAP.DE|Regular|
2015-03-27|exemple|166|SAP.DE|Regular|
2015-03-28|exemple|166|SAP.DE|Regular|
2015-03-29|exemple|166|SAP.DE|Regular|
2015-03-30|exemple|166|SAP.DE|Regular|
2015-03-31|exemple|166|SAP.DE|Regular|
2015-04-01|exemple|166|SAP.DE|Regular|
2015-04-02|exemple|166|SAP.DE|Regular|
2015-04-03|exemple|166|SAP.DE|Regular|
2015-04-04|exemple|166|SAP.DE|Regular|
2015-04-05|exemple|166|SAP.DE|Regular|
2015-04-06|exemple|166|SAP.DE|Regular|
2015-04-07|exemple|166|SAP.DE|Regular|
2015-04-08|exemple|166|SAP.DE|Regular|
2015-04-09|exemple|166|SAP.DE|Regular|
2015-04-10|exemple|166|SAP.DE|Regular|
2015-04-11|exemple|166|SAP.DE|Regular|
2015-04-12|exemple|166|SAP.DE|Regular|
2015-04-13|exemple|166|SAP.DE|Regular|
2015-04-14|exemple|166|SAP.DE|Regular|
2015-04-15|exemple|166|SAP.DE|Regular|
2015-04-16|exemple|166|SAP.DE|Regular|
2015-04-17|exemple|166|SAP.DE|Regular|
2015-04-18|exemple|166|SAP.DE|Regular|
2015-04-19|exemple|166|SAP.DE|Regular|
2015-04-20|exemple|166|SAP.DE|Regular|
2015-04-21|exemple|166|SAP.DE|Regular|
2015-04-22|exemple|166|SAP.DE|Regular|
2015-04-23|exemple|321|SDF.DE|Regular|
2015-04-24|exemple|321|SDF.DE|Regular|
2015-04-25|exemple|321|SDF.DE|Regular|
2015-04-26|exemple|321|SDF.DE|Regular|
2015-04-27|exemple|321|SDF.DE|Regular|
2015-03-23|exemple|321|SDF.DE|Regular|
2015-03-24|exemple|321|SDF.DE|Regular|
2015-03-25|exemple|321|SDF.DE|Regular|
2015-03-26|exemple|321|SDF.DE|Regular|
2015-03-27|exemple|321|SDF.DE|Regular|
2015-03-28|exemple|321|SDF.DE|Regular|
2015-03-29|exemple|321|SDF.DE|Regular|
2015-03-30|exemple|321|SDF.DE|Regular|
2015-03-31|exemple|321|SDF.DE|Regular|
2015-04-01|exemple|321|SDF.DE|Regular|
2015-04-02|exemple|321|SDF.DE|Regular|
2015-04-03|exemple|321|SDF.DE|Regular|
2015-04-04|exemple|321|SDF.DE|Regular|
2015-04-05|exemple|321|SDF.DE|Regular|
2015-04-06|exemple|321|SDF.DE|Regular|
2015-04-07|exemple|321|SDF.DE|Regular|
2015-04-08|exemple|321|SDF.DE|Regular|
2015-04-09|exemple|321|SDF.DE|Regular|
2015-04-10|exemple|321|SDF.DE|Regular|
2015-04-11|exemple|321|SDF.DE|Regular|
2015-04-12|exemple|321|SDF.DE|Regular|
2015-04-13|exemple|321|SDF.DE|Regular|
2015-04-14|exemple|321|SDF.DE|Regular|
2015-04-15|exemple|321|SDF.DE|Regular|
2015-04-16|exemple|321|SDF.DE|Regular|
2015-04-17|exemple|321|SDF.DE|Regular|
2015-04-18|exemple|321|SDF.DE|Regular|
2015-04-19|exemple|321|SDF.DE|Regular|
2015-04-20|exemple|321|SDF.DE|Regular|
2015-04-21|exemple|321|SDF.DE|Regular|
2015-04-22|exemple|321|SDF.DE|Regular|
2015-04-23|exemple|115|SIE.DE|Regular|
2015-04-24|exemple|115|SIE.DE|Regular|
2015-04-25|exemple|115|SIE.DE|Regular|
2015-04-26|exemple|115|SIE.DE|Regular|
2015-04-27|exemple|115|SIE.DE|Regular|
2015-03-23|exemple|115|SIE.DE|Regular|
2015-03-24|exemple|115|SIE.DE|Regular|
2015-03-25|exemple|115|SIE.DE|Regular|
2015-03-26|exemple|115|SIE.DE|Regular|
2015-03-27|exemple|115|SIE.DE|Regular|
2015-03-28|exemple|115|SIE.DE|Regular|
2015-03-29|exemple|115|SIE.DE|Regular|
2015-03-30|exemple|115|SIE.DE|Regular|
2015-03-31|exemple|115|SIE.DE|Regular|
2015-04-01|exemple|115|SIE.DE|Regular|
2015-04-02|exemple|115|SIE.DE|Regular|
2015-04-03|exemple|115|SIE.DE|Regular|
2015-04-04|exemple|115|SIE.DE|Regular|
2015-04-05|exemple|115|SIE.DE|Regular|
2015-04-06|exemple|115|SIE.DE|Regular|
2015-04-07|exemple|115|SIE.DE|Regular|
2015-04-08|exemple|115|SIE.DE|Regular|
2015-04-09|exemple|115|SIE.DE|Regular|
2015-04-10|exemple|115|SIE.DE|Regular|
2015-04-11|exemple|115|SIE.DE|Regular|
2015-04-12|exemple|115|SIE.DE|Regular|
2015-04-13|exemple|115|SIE.DE|Regular|
2015-04-14|exemple|115|SIE.DE|Regular|
2015-04-15|exemple|115|SIE.DE|Regular|
2015-04-16|exemple|115|SIE.DE|Regular|
2015-04-17|exemple|115|SIE.DE|Regular|
2015-04-18|exemple|115|SIE.DE|Regular|
2015-04-19|exemple|115|SIE.DE|Regular|
2015-04-20|exemple|115|SIE.DE|Regular|
2015-04-21|exemple|115|SIE.DE|Regular|
2015-04-22|exemple|115|SIE.DE|Regular|
2015-04-23|exemple|375|TKA.DE|Regular|
2015-04-24|exemple|375|TKA.DE|Regular|
2015-04-25|exemple|375|TKA.DE|Regular|
2015-04-26|exemple|375|TKA.DE|Regular|
2015-04-27|exemple|375|TKA.DE|Regular|
2015-03-23|exemple|375|TKA.DE|Regular|
2015-03-24|exemple|375|TKA.DE|Regular|
2015-03-25|exemple|375|TKA.DE|Regular|
2015-03-26|exemple|375|TKA.DE|Regular|
2015-03-27|exemple|375|TKA.DE|Regular|
2015-03-28|exemple|375|TKA.DE|Regular|
2015-03-29|exemple|375|TKA.DE|Regular|
2015-03-30|exemple|375|TKA.DE|Regular|
2015-03-31|exemple|375|TKA.DE|Regular|
2015-04-01|exemple|375|TKA.DE|Regular|
2015-04-02|exemple|375|TKA.DE|Regular|
2015-04-03|exemple|375|TKA.DE|Regular|
2015-04-04|exemple|375|TKA.DE|Regular|
2015-04-05|exemple|375|TKA.DE|Regular|
2015-04-06|exemple|375|TKA.DE|Regular|
2015-04-07|exemple|375|TKA.DE|Regular|
2015-04-08|exemple|375|TKA.DE|Regular|
2015-04-09|exemple|375|TKA.DE|Regular|
2015-04-10|exemple|375|TKA.DE|Regular|
2015-04-11|exemple|375|TKA.DE|Regular|
2015-04-12|exemple|375|TKA.DE|Regular|
2015-04-13|exemple|375|TKA.DE|Regular|
2015-04-14|exemple|375|TKA.DE|Regular|
2015-04-15|exemple|375|TKA.DE|Regular|
2015-04-16|exemple|375|TKA.DE|Regular|
2015-04-17|exemple|375|TKA.DE|Regular|
2015-04-18|exemple|375|TKA.DE|Regular|
2015-04-19|exemple|375|TKA.DE|Regular|
2015-04-20|exemple|375|TKA.DE|Regular|
2015-04-21|exemple|375|TKA.DE|Regular|
2015-04-22|exemple|375|TKA.DE|Regular|
2015-04-23|exemple|46|VOW3.DE|Regular|
2015-04-24|exemple|46|VOW3.DE|Regular|
2015-04-25|exemple|46|VOW3.DE|Regular|
2015-04-26|exemple|46|VOW3.DE|Regular|
2015-04-27|exemple|46|VOW3.DE|Regular|
2015-03-23|exemple|46|VOW3.DE|Regular|
2015-03-24|exemple|46|VOW3.DE|Regular|
2015-03-25|exemple|46|VOW3.DE|Regular|
2015-03-26|exemple|46|VOW3.DE|Regular|
2015-03-27|exemple|46|VOW3.DE|Regular|
2015-03-28|exemple|46|VOW3.DE|Regular|
2015-03-29|exemple|46|VOW3.DE|Regular|
2015-03-30|exemple|46|VOW3.DE|Regular|
2015-03-31|exemple|46|VOW3.DE|Regular|
2015-04-01|exemple|46|VOW3.DE|Regular|
2015-04-02|exemple|46|VOW3.DE|Regular|
2015-04-03|exemple|46|VOW3.DE|Regular|
2015-04-04|exemple|46|VOW3.DE|Regular|
2015-04-05|exemple|46|VOW3.DE|Regular|
2015-04-06|exemple|46|VOW3.DE|Regular|
2015-04-07|exemple|46|VOW3.DE|Regular|
2015-04-08|exemple|46|VOW3.DE|Regular|
2015-04-09|exemple|46|VOW3.DE|Regular|
2015-04-10|exemple|46|VOW3.DE|Regular|
2015-04-11|exemple|46|VOW3.DE|Regular|
2015-04-12|exemple|46|VOW3.DE|Regular|
2015-04-13|exemple|46|VOW3.DE|Regular|
2015-04-14|exemple|46|VOW3.DE|Regular|
2015-04-15|exemple|46|VOW3.DE|Regular|
2015-04-16|exemple|46|VOW3.DE|Regular|
2015-04-17|exemple|46|VOW3.DE|Regular|
2015-04-18|exemple|46|VOW3.DE|Regular|
2015-04-19|exemple|46|VOW3.DE|Regular|
2015-04-20|exemple|46|VOW3.DE|Regular|
2015-04-21|exemple|46|VOW3.DE|Regular|
2015-04-22|exemple|46|VOW3.DE|Regular|
